pg_dump: warning: there are circular foreign-key constraints among these tables:
pg_dump:   aliases
pg_dump:   persons
pg_dump: You might not be able to restore the dump without using --disable-triggers or temporarily dropping the constraints.
pg_dump: Consider using a full dump instead of a --data-only dump to avoid this problem.
--
-- PostgreSQL database dump
--

-- Dumped from database version 13.1 (Debian 13.1-1.pgdg100+1)
-- Dumped by pg_dump version 13.1 (Debian 13.1-1.pgdg100+1)

SET session_replication_role = replica;
SET statement_timeout = 0;
SET lock_timeout = 0;
SET idle_in_transaction_session_timeout = 0;
SET client_encoding = 'UTF8';
SET standard_conforming_strings = on;
SELECT pg_catalog.set_config('search_path', '', false);
SET check_function_bodies = false;
SET xmloption = content;
SET client_min_messages = warning;
SET row_security = off;


--
-- Data for Name: accounts; Type: TABLE DATA; Schema: public; Owner: postgres
--

COPY public.accounts (id, compound_id, user_id, provider_type, provider_id, provider_account_id, refresh_token, access_token, access_token_expires, created_at, updated_at) FROM stdin;
1	be02eab7a64a77f3e33c43bdaa2a84730e7399cd5e716ab096d4eb580a618732	2	oauth	discord	140862798832861184	ulQ4ckPUcah0GXejIXuOv1T5ruzQXu	l4BiYiATJa5h05oYjxUwj56nNoQJvr	\N	2021-05-09 09:02:13.406	2021-05-09 09:02:13.406
\.


--
-- Data for Name: aliases; Type: TABLE DATA; Schema: public; Owner: postgres
--

COPY public.aliases (id, name, person_id, created_at, updated_at) FROM stdin;
1	Irene	1	2021-05-09 08:43:33.646	2021-05-09 08:43:33.646
2	Hyunjin	2	2021-05-09 08:43:33.658	2021-05-09 08:43:33.658
3	Haseul	3	2021-05-09 08:43:33.669	2021-05-09 08:43:33.669
4	kimlip	5	2021-05-09 08:43:33.681	2021-05-09 08:43:33.681
5	Heejin	4	2021-05-09 08:43:33.681	2021-05-09 08:43:33.681
6	Kim Lip	5	2021-05-09 08:43:33.681	2021-05-09 08:43:33.681
7	Jisun	6	2021-05-09 08:43:33.681	2021-05-09 08:43:33.681
8	Yeojin	7	2021-05-09 08:43:33.694	2021-05-09 08:43:33.694
9	hayang	8	2021-05-09 08:43:33.706	2021-05-09 08:43:33.706
10	song hayoung	8	2021-05-09 08:43:33.706	2021-05-09 08:43:33.706
11	habbang	8	2021-05-09 08:43:33.706	2021-05-09 08:43:33.706
12	Hayoung	8	2021-05-09 08:43:33.706	2021-05-09 08:43:33.706
14	Gowon	10	2021-05-09 08:43:33.718	2021-05-09 08:43:33.718
13	Xuan Yi	9	2021-05-09 08:43:33.718	2021-05-09 08:43:33.718
15	Vivi	11	2021-05-09 08:43:33.718	2021-05-09 08:43:33.718
16	jung jinsoul	12	2021-05-09 08:43:33.718	2021-05-09 08:43:33.718
17	jungjinsoul	12	2021-05-09 08:43:33.718	2021-05-09 08:43:33.718
18	jinsoul	12	2021-05-09 08:43:33.718	2021-05-09 08:43:33.718
19	Soobin	13	2021-05-09 08:43:33.718	2021-05-09 08:43:33.718
20	Jinsoul	12	2021-05-09 08:43:33.718	2021-05-09 08:43:33.718
21	Tzuyu	14	2021-05-09 08:43:33.731	2021-05-09 08:43:33.731
22	Huihyeon	15	2021-05-09 08:43:33.731	2021-05-09 08:43:33.731
24	Choerry	17	2021-05-09 08:43:33.731	2021-05-09 08:43:33.731
23	kim jisoo	16	2021-05-09 08:43:33.732	2021-05-09 08:43:33.732
25	Jisoo	16	2021-05-09 08:43:33.732	2021-05-09 08:43:33.732
26	hasooyoung	18	2021-05-09 08:43:33.731	2021-05-09 08:43:33.731
27	Yves	18	2021-05-09 08:43:33.731	2021-05-09 08:43:33.731
29	Yebin	20	2021-05-09 08:43:33.747	2021-05-09 08:43:33.747
28	Yeoreum	21	2021-05-09 08:43:33.747	2021-05-09 08:43:33.747
30	Luda	19	2021-05-09 08:43:33.747	2021-05-09 08:43:33.747
31	Eunice	22	2021-05-09 08:43:33.746	2021-05-09 08:43:33.746
32	Mei Qi	25	2021-05-09 08:43:33.759	2021-05-09 08:43:33.759
33	Dawon	23	2021-05-09 08:43:33.76	2021-05-09 08:43:33.76
34	victoria song	26	2021-05-09 08:43:33.759	2021-05-09 08:43:33.759
35	Dayoung	24	2021-05-09 08:43:33.76	2021-05-09 08:43:33.76
36	songqian	26	2021-05-09 08:43:33.759	2021-05-09 08:43:33.759
37	song jeon	26	2021-05-09 08:43:33.759	2021-05-09 08:43:33.759
38	Victoria	26	2021-05-09 08:43:33.759	2021-05-09 08:43:33.759
39	Bona	27	2021-05-09 08:43:33.759	2021-05-09 08:43:33.759
40	Shuhua	28	2021-05-09 08:43:33.774	2021-05-09 08:43:33.774
41	Krystal	32	2021-05-09 08:43:33.788	2021-05-09 08:43:33.788
42	olivia	31	2021-05-09 08:43:33.788	2021-05-09 08:43:33.788
43	dubu	34	2021-05-09 08:43:33.788	2021-05-09 08:43:33.788
44	kim jiwoo	29	2021-05-09 08:43:33.788	2021-05-09 08:43:33.788
45	Chaeyoung	30	2021-05-09 08:43:33.788	2021-05-09 08:43:33.788
46	HyunA	33	2021-05-09 08:43:33.788	2021-05-09 08:43:33.788
47	Sulli	36	2021-05-09 08:43:33.788	2021-05-09 08:43:33.788
48	Amber	35	2021-05-09 08:43:33.787	2021-05-09 08:43:33.787
49	hyejoo	31	2021-05-09 08:43:33.788	2021-05-09 08:43:33.788
50	Chuu	29	2021-05-09 08:43:33.788	2021-05-09 08:43:33.788
51	kim dahyun	34	2021-05-09 08:43:33.788	2021-05-09 08:43:33.788
52	son hyejoo	31	2021-05-09 08:43:33.788	2021-05-09 08:43:33.788
53	Dahyun	34	2021-05-09 08:43:33.788	2021-05-09 08:43:33.788
54	Olivia Hye	31	2021-05-09 08:43:33.788	2021-05-09 08:43:33.788
55	heo gayoon	37	2021-05-09 08:43:33.787	2021-05-09 08:43:33.787
56	Gayoon	37	2021-05-09 08:43:33.787	2021-05-09 08:43:33.787
57	Jeongyeon	38	2021-05-09 08:43:33.802	2021-05-09 08:43:33.802
58	Jiho	39	2021-05-09 08:43:33.802	2021-05-09 08:43:33.802
59	Sana	40	2021-05-09 08:43:33.802	2021-05-09 08:43:33.802
60	sseung	43	2021-05-09 08:43:33.802	2021-05-09 08:43:33.802
61	Mimi	42	2021-05-09 08:43:33.803	2021-05-09 08:43:33.803
62	Jihyo	45	2021-05-09 08:43:33.802	2021-05-09 08:43:33.802
63	Momo	41	2021-05-09 08:43:33.802	2021-05-09 08:43:33.802
64	Binnie	44	2021-05-09 08:43:33.802	2021-05-09 08:43:33.802
65	hyun seunghee	43	2021-05-09 08:43:33.802	2021-05-09 08:43:33.802
66	Seunghee	43	2021-05-09 08:43:33.802	2021-05-09 08:43:33.802
67	Mina	46	2021-05-09 08:43:33.802	2021-05-09 08:43:33.802
70	Yooa	53	2021-05-09 08:43:33.818	2021-05-09 08:43:33.818
71	eun	51	2021-05-09 08:43:33.818	2021-05-09 08:43:33.818
72	Miyeon	52	2021-05-09 08:43:33.818	2021-05-09 08:43:33.818
69	Yuqi	50	2021-05-09 08:43:33.818	2021-05-09 08:43:33.818
74	son jihyun	55	2021-05-09 08:43:33.818	2021-05-09 08:43:33.818
68	Arin	54	2021-05-09 08:43:33.818	2021-05-09 08:43:33.818
75	ha:tfelt	48	2021-05-09 08:43:33.818	2021-05-09 08:43:33.818
73	Sunmi	47	2021-05-09 08:43:33.818	2021-05-09 08:43:33.818
76	Minnie	49	2021-05-09 08:43:33.818	2021-05-09 08:43:33.818
77	Eunseo	51	2021-05-09 08:43:33.818	2021-05-09 08:43:33.818
78	Yeeun	48	2021-05-09 08:43:33.818	2021-05-09 08:43:33.818
79	Jihyun	55	2021-05-09 08:43:33.818	2021-05-09 08:43:33.818
80	Nayeon	56	2021-05-09 08:43:33.818	2021-05-09 08:43:33.818
81	Harin	59	2021-05-09 08:43:33.833	2021-05-09 08:43:33.833
83	Soyeon	58	2021-05-09 08:43:33.833	2021-05-09 08:43:33.833
84	Daewang	57	2021-05-09 08:43:33.833	2021-05-09 08:43:33.833
82	sang-a	60	2021-05-09 08:43:33.833	2021-05-09 08:43:33.833
85	Hyojung	61	2021-05-09 08:43:33.833	2021-05-09 08:43:33.833
86	Sakura	65	2021-05-09 08:43:33.833	2021-05-09 08:43:33.833
87	SeeA	64	2021-05-09 08:43:33.833	2021-05-09 08:43:33.833
88	Hitomi	63	2021-05-09 08:43:33.833	2021-05-09 08:43:33.833
89	Arang	62	2021-05-09 08:43:33.833	2021-05-09 08:43:33.833
90	Yechan	66	2021-05-09 08:43:33.833	2021-05-09 08:43:33.833
91	dawn	67	2021-05-09 08:43:33.833	2021-05-09 08:43:33.833
92	SangA	60	2021-05-09 08:43:33.833	2021-05-09 08:43:33.833
93	EDawn	67	2021-05-09 08:43:33.833	2021-05-09 08:43:33.833
94	JinE	68	2021-05-09 08:43:33.832	2021-05-09 08:43:33.832
95	won-young	69	2021-05-09 08:43:33.849	2021-05-09 08:43:33.849
96	Wonyoung	69	2021-05-09 08:43:33.849	2021-05-09 08:43:33.849
97	Shinwon	71	2021-05-09 08:43:33.861	2021-05-09 08:43:33.861
98	Yura	73	2021-05-09 08:43:33.861	2021-05-09 08:43:33.861
99	Hyewon	74	2021-05-09 08:43:33.862	2021-05-09 08:43:33.862
100	Sojin	76	2021-05-09 08:43:33.861	2021-05-09 08:43:33.861
101	Yubeen	75	2021-05-09 08:43:33.862	2021-05-09 08:43:33.862
102	kwon sohyun	72	2021-05-09 08:43:33.861	2021-05-09 08:43:33.861
103	Nako	81	2021-05-09 08:43:33.862	2021-05-09 08:43:33.862
104	Bella	78	2021-05-09 08:43:33.863	2021-05-09 08:43:33.863
105	seo soojin	80	2021-05-09 08:43:33.862	2021-05-09 08:43:33.862
106	kim minju	77	2021-05-09 08:43:33.862	2021-05-09 08:43:33.862
107	Yujin	79	2021-05-09 08:43:33.862	2021-05-09 08:43:33.862
108	Junhyung	70	2021-05-09 08:43:33.861	2021-05-09 08:43:33.861
109	Sohyun	72	2021-05-09 08:43:33.861	2021-05-09 08:43:33.861
110	Hongseok	82	2021-05-09 08:43:33.861	2021-05-09 08:43:33.861
111	seo sujin	80	2021-05-09 08:43:33.862	2021-05-09 08:43:33.862
113	Karin	83	2021-05-09 08:43:33.863	2021-05-09 08:43:33.863
112	kim minjoo	77	2021-05-09 08:43:33.862	2021-05-09 08:43:33.862
115	kim min-joo	77	2021-05-09 08:43:33.862	2021-05-09 08:43:33.862
114	Soojin	80	2021-05-09 08:43:33.862	2021-05-09 08:43:33.862
116	Minju	77	2021-05-09 08:43:33.862	2021-05-09 08:43:33.862
117	Wendy	85	2021-05-09 08:43:33.868	2021-05-09 08:43:33.868
118	Yeo One	86	2021-05-09 08:43:33.862	2021-05-09 08:43:33.862
119	Dongwoon	84	2021-05-09 08:43:33.861	2021-05-09 08:43:33.861
120	Chaerin	87	2021-05-09 08:43:33.874	2021-05-09 08:43:33.874
121	Sohee	89	2021-05-09 08:43:33.875	2021-05-09 08:43:33.875
122	Sohye	88	2021-05-09 08:43:33.875	2021-05-09 08:43:33.875
123	eu	90	2021-05-09 08:43:33.877	2021-05-09 08:43:33.877
124	Joy	91	2021-05-09 08:43:33.879	2021-05-09 08:43:33.879
125	E:U	90	2021-05-09 08:43:33.877	2021-05-09 08:43:33.877
126	Mia	92	2021-05-09 08:43:33.879	2021-05-09 08:43:33.879
127	joyuriz	93	2021-05-09 08:43:33.879	2021-05-09 08:43:33.879
128	Chaeyeon	97	2021-05-09 08:43:33.88	2021-05-09 08:43:33.88
129	Onda	95	2021-05-09 08:43:33.879	2021-05-09 08:43:33.879
130	rose	96	2021-05-09 08:43:33.88	2021-05-09 08:43:33.88
131	Sihyeon	98	2021-05-09 08:43:33.879	2021-05-09 08:43:33.879
132	bae suzy	94	2021-05-09 08:43:33.88	2021-05-09 08:43:33.88
136	Suzy	94	2021-05-09 08:43:33.88	2021-05-09 08:43:33.88
158	Yeonjung	115	2021-05-09 08:43:33.897	2021-05-09 08:43:33.897
180	pinky	133	2021-05-09 08:43:33.919	2021-05-09 08:43:33.919
181	Kyulkyung	133	2021-05-09 08:43:33.919	2021-05-09 08:43:33.919
202	Jiheon	150	2021-05-09 08:43:33.937	2021-05-09 08:43:33.937
223	xiaotang	166	2021-05-09 08:43:33.963	2021-05-09 08:43:33.963
225	zhaoxiaotang	166	2021-05-09 08:43:33.963	2021-05-09 08:43:33.963
228	Zhao Xiaotang	166	2021-05-09 08:43:33.963	2021-05-09 08:43:33.963
245	Jooyeon	186	2021-05-09 08:43:33.984	2021-05-09 08:43:33.984
262	Yunkyung	201	2021-05-09 08:43:34.001	2021-05-09 08:43:34.001
280	Seola	217	2021-05-09 08:43:34.016	2021-05-09 08:43:34.016
295	Jin	233	2021-05-09 08:43:34.032	2021-05-09 08:43:34.032
304	Miku	241	2021-05-09 08:43:34.047	2021-05-09 08:43:34.047
312	Denise	247	2021-05-09 08:43:34.059	2021-05-09 08:43:34.059
330	Suho	255	2021-05-09 08:43:34.071	2021-05-09 08:43:34.071
351	Zoa	272	2021-05-09 08:43:34.098	2021-05-09 08:43:34.098
358	yewon	279	2021-05-09 08:43:34.11	2021-05-09 08:43:34.11
360	Yehana	279	2021-05-09 08:43:34.11	2021-05-09 08:43:34.11
369	Seline	288	2021-05-09 08:43:34.132	2021-05-09 08:43:34.132
377	Jane	296	2021-05-09 08:43:34.144	2021-05-09 08:43:34.144
384	JooE	303	2021-05-09 08:43:34.157	2021-05-09 08:43:34.157
394	Yeonwoo	311	2021-05-09 08:43:34.17	2021-05-09 08:43:34.17
405	yuyan	318	2021-05-09 08:43:34.183	2021-05-09 08:43:34.183
406	Yu Yan	318	2021-05-09 08:43:34.183	2021-05-09 08:43:34.183
418	Nayun	329	2021-05-09 08:43:34.203	2021-05-09 08:43:34.203
427	Eseul	337	2021-05-09 08:43:34.216	2021-05-09 08:43:34.216
433	Subin	343	2021-05-09 08:43:34.229	2021-05-09 08:43:34.229
440	Chaewon	350	2021-05-09 08:43:34.239	2021-05-09 08:43:34.239
448	Seyeon	358	2021-05-09 08:43:34.253	2021-05-09 08:43:34.253
456	Lena	366	2021-05-09 08:43:34.265	2021-05-09 08:43:34.265
468	Jun	377	2021-05-09 08:43:34.283	2021-05-09 08:43:34.283
477	Vernon	385	2021-05-09 08:43:34.297	2021-05-09 08:43:34.297
487	Dowoon	392	2021-05-09 08:43:34.309	2021-05-09 08:43:34.309
496	Heeo	401	2021-05-09 08:43:34.324	2021-05-09 08:43:34.324
504	Keumjo	409	2021-05-09 08:43:34.336	2021-05-09 08:43:34.336
512	Cha Eunwoo	417	2021-05-09 08:43:34.349	2021-05-09 08:43:34.349
520	San	425	2021-05-09 08:43:34.362	2021-05-09 08:43:34.362
528	Seoyul	433	2021-05-09 08:43:34.375	2021-05-09 08:43:34.375
531	Yeeun	436	2021-05-09 08:43:34.386	2021-05-09 08:43:34.386
539	Yujeong	444	2021-05-09 08:43:34.397	2021-05-09 08:43:34.397
547	Swan	452	2021-05-09 08:43:34.409	2021-05-09 08:43:34.409
556	Minkyung	461	2021-05-09 08:43:34.423	2021-05-09 08:43:34.423
563	Miso	467	2021-05-09 08:43:34.435	2021-05-09 08:43:34.435
571	Doi	475	2021-05-09 08:43:34.449	2021-05-09 08:43:34.449
579	Cao Lu	483	2021-05-09 08:43:34.461	2021-05-09 08:43:34.461
586	Sun J	490	2021-05-09 08:43:34.472	2021-05-09 08:43:34.472
596	Shinyoung	497	2021-05-09 08:43:34.483	2021-05-09 08:43:34.483
605	Subin	505	2021-05-09 08:43:34.495	2021-05-09 08:43:34.495
614	Taeho	514	2021-05-09 08:43:34.511	2021-05-09 08:43:34.511
621	BM	521	2021-05-09 08:43:34.524	2021-05-09 08:43:34.524
629	Dahye	529	2021-05-09 08:43:34.537	2021-05-09 08:43:34.537
637	Raychan	536	2021-05-09 08:43:34.555	2021-05-09 08:43:34.555
646	cho wonsang	543	2021-05-09 08:43:34.567	2021-05-09 08:43:34.567
648	Cho Won Sang	543	2021-05-09 08:43:34.567	2021-05-09 08:43:34.567
657	Arie	552	2021-05-09 08:43:34.583	2021-05-09 08:43:34.583
665	im	560	2021-05-09 08:43:34.595	2021-05-09 08:43:34.595
666	I.M	560	2021-05-09 08:43:34.595	2021-05-09 08:43:34.595
676	Yuta	570	2021-05-09 08:43:34.61	2021-05-09 08:43:34.61
686	Mark	578	2021-05-09 08:43:34.623	2021-05-09 08:43:34.623
694	Chenle	586	2021-05-09 08:43:34.642	2021-05-09 08:43:34.642
705	Onew	595	2021-05-09 08:43:34.655	2021-05-09 08:43:34.655
713	Woolim	603	2021-05-09 08:43:34.668	2021-05-09 08:43:34.668
725	Bada	615	2021-05-09 08:43:34.683	2021-05-09 08:43:34.683
735	Hwiyoung	624	2021-05-09 08:43:34.703	2021-05-09 08:43:34.703
748	Nahyun	636	2021-05-09 08:43:34.73	2021-05-09 08:43:34.73
757	Woojin	644	2021-05-09 08:43:34.743	2021-05-09 08:43:34.743
770	Eun	653	2021-05-09 08:43:34.758	2021-05-09 08:43:34.758
814	Jinyoung	688	2021-05-09 08:43:34.814	2021-05-09 08:43:34.814
917	Qri	692	2021-05-09 08:43:34.982	2021-05-09 08:43:34.982
926	Sandeul	701	2021-05-09 08:43:35.002	2021-05-09 08:43:35.002
1027	Jiyeon	708	2021-05-09 08:43:35.214	2021-05-09 08:43:35.214
133	Yena	93	2021-05-09 08:43:33.879	2021-05-09 08:43:33.879
154	Hyelim	114	2021-05-09 08:43:33.897	2021-05-09 08:43:33.897
175	Seoyeon	129	2021-05-09 08:43:33.918	2021-05-09 08:43:33.918
199	park jiwon	149	2021-05-09 08:43:33.934	2021-05-09 08:43:33.934
201	megan	149	2021-05-09 08:43:33.934	2021-05-09 08:43:33.934
205	Jiwon	149	2021-05-09 08:43:33.934	2021-05-09 08:43:33.934
224	Gyuri	167	2021-05-09 08:43:33.963	2021-05-09 08:43:33.963
247	Chaekyung	185	2021-05-09 08:43:33.983	2021-05-09 08:43:33.983
265	Yuri	204	2021-05-09 08:43:34.004	2021-05-09 08:43:34.004
288	Hyoyeon	223	2021-05-09 08:43:34.024	2021-05-09 08:43:34.024
724	Eugene	614	2021-05-09 08:43:34.683	2021-05-09 08:43:34.683
775	Yoonjo	657	2021-05-09 08:43:34.765	2021-05-09 08:43:34.765
783	Yongseung	665	2021-05-09 08:43:34.777	2021-05-09 08:43:34.777
791	Sujin	673	2021-05-09 08:43:34.789	2021-05-09 08:43:34.789
801	top	681	2021-05-09 08:43:34.803	2021-05-09 08:43:34.803
806	T.O.P	681	2021-05-09 08:43:34.803	2021-05-09 08:43:34.803
134	Rosé	96	2021-05-09 08:43:33.88	2021-05-09 08:43:33.88
152	Elkie	110	2021-05-09 08:43:33.897	2021-05-09 08:43:33.897
167	Yuju	124	2021-05-09 08:43:33.914	2021-05-09 08:43:33.914
190	Nana	139	2021-05-09 08:43:33.929	2021-05-09 08:43:33.929
212	Lizzy	157	2021-05-09 08:43:33.946	2021-05-09 08:43:33.946
237	Xie Keyin	179	2021-05-09 08:43:33.973	2021-05-09 08:43:33.973
259	Linlin	198	2021-05-09 08:43:33.997	2021-05-09 08:43:33.997
276	Sooyoung	214	2021-05-09 08:43:34.013	2021-05-09 08:43:34.013
292	Seunghee	230	2021-05-09 08:43:34.03	2021-05-09 08:43:34.03
301	dlwlrma	239	2021-05-09 08:43:34.044	2021-05-09 08:43:34.044
302	IU	239	2021-05-09 08:43:34.044	2021-05-09 08:43:34.044
311	jinnypark	246	2021-05-09 08:43:34.058	2021-05-09 08:43:34.058
313	jinny park	246	2021-05-09 08:43:34.058	2021-05-09 08:43:34.058
315	Jinny	246	2021-05-09 08:43:34.058	2021-05-09 08:43:34.058
333	Lay	257	2021-05-09 08:43:34.074	2021-05-09 08:43:34.074
342	CL	264	2021-05-09 08:43:34.086	2021-05-09 08:43:34.086
493	Yuji	398	2021-05-09 08:43:34.318	2021-05-09 08:43:34.318
501	Hyemi	406	2021-05-09 08:43:34.331	2021-05-09 08:43:34.331
509	Chan	414	2021-05-09 08:43:34.343	2021-05-09 08:43:34.343
516	Seonghwa	421	2021-05-09 08:43:34.355	2021-05-09 08:43:34.355
524	Jiyoung	429	2021-05-09 08:43:34.369	2021-05-09 08:43:34.369
534	Hayoon	439	2021-05-09 08:43:34.389	2021-05-09 08:43:34.389
542	Eunji	447	2021-05-09 08:43:34.401	2021-05-09 08:43:34.401
550	Ayoung	455	2021-05-09 08:43:34.413	2021-05-09 08:43:34.413
558	Boni	463	2021-05-09 08:43:34.426	2021-05-09 08:43:34.426
566	Habin	470	2021-05-09 08:43:34.439	2021-05-09 08:43:34.439
573	Chaelin	477	2021-05-09 08:43:34.452	2021-05-09 08:43:34.452
581	Yezi	485	2021-05-09 08:43:34.465	2021-05-09 08:43:34.465
589	Heejin	493	2021-05-09 08:43:34.477	2021-05-09 08:43:34.477
601	Hyunji	501	2021-05-09 08:43:34.489	2021-05-09 08:43:34.489
612	Jeup	512	2021-05-09 08:43:34.507	2021-05-09 08:43:34.507
618	J.Seph	518	2021-05-09 08:43:34.519	2021-05-09 08:43:34.519
626	Ashley	526	2021-05-09 08:43:34.532	2021-05-09 08:43:34.532
645	shin gwangil	542	2021-05-09 08:43:34.565	2021-05-09 08:43:34.565
647	Shin Gwang-Il	542	2021-05-09 08:43:34.565	2021-05-09 08:43:34.565
656	Liyah	551	2021-05-09 08:43:34.581	2021-05-09 08:43:34.581
664	Aurora	559	2021-05-09 08:43:34.593	2021-05-09 08:43:34.593
673	Taeil	567	2021-05-09 08:43:34.605	2021-05-09 08:43:34.605
683	Jaehyun	575	2021-05-09 08:43:34.617	2021-05-09 08:43:34.617
691	YangYang	583	2021-05-09 08:43:34.63	2021-05-09 08:43:34.63
697	Seoho	589	2021-05-09 08:43:34.645	2021-05-09 08:43:34.645
708	Cya	598	2021-05-09 08:43:34.66	2021-05-09 08:43:34.66
718	Yeonjoo	607	2021-05-09 08:43:34.672	2021-05-09 08:43:34.672
733	Rowoon	622	2021-05-09 08:43:34.699	2021-05-09 08:43:34.699
749	Euijin	637	2021-05-09 08:43:34.732	2021-05-09 08:43:34.732
759	seo chang-bin	645	2021-05-09 08:43:34.745	2021-05-09 08:43:34.745
761	seo chang bin	645	2021-05-09 08:43:34.745	2021-05-09 08:43:34.745
763	Changbin	645	2021-05-09 08:43:34.745	2021-05-09 08:43:34.745
774	Hyunjoo	656	2021-05-09 08:43:34.763	2021-05-09 08:43:34.763
782	Kangmin	664	2021-05-09 08:43:34.776	2021-05-09 08:43:34.776
790	Jiae	672	2021-05-09 08:43:34.787	2021-05-09 08:43:34.787
799	gdragon	680	2021-05-09 08:43:34.801	2021-05-09 08:43:34.801
803	G-Dragon	680	2021-05-09 08:43:34.801	2021-05-09 08:43:34.801
922	Taeil	697	2021-05-09 08:43:34.994	2021-05-09 08:43:34.994
1029	Soyeon	710	2021-05-09 08:43:35.216	2021-05-09 08:43:35.216
135	yoodaeng	99	2021-05-09 08:43:33.882	2021-05-09 08:43:33.882
139	choi yoo-jung	99	2021-05-09 08:43:33.882	2021-05-09 08:43:33.882
142	choi yoojung	99	2021-05-09 08:43:33.882	2021-05-09 08:43:33.882
146	Yoojung	99	2021-05-09 08:43:33.882	2021-05-09 08:43:33.882
164	jino	120	2021-05-09 08:43:33.911	2021-05-09 08:43:33.911
168	Jinho	120	2021-05-09 08:43:33.911	2021-05-09 08:43:33.911
192	Bekah	141	2021-05-09 08:43:33.929	2021-05-09 08:43:33.929
211	Chaewon	156	2021-05-09 08:43:33.944	2021-05-09 08:43:33.944
230	Chaeryeong	170	2021-05-09 08:43:33.971	2021-05-09 08:43:33.971
249	SinB	188	2021-05-09 08:43:33.987	2021-05-09 08:43:33.987
264	Eunchae	203	2021-05-09 08:43:34.004	2021-05-09 08:43:34.004
282	Somi	219	2021-05-09 08:43:34.016	2021-05-09 08:43:34.016
297	Jiae	235	2021-05-09 08:43:34.038	2021-05-09 08:43:34.038
306	Yujeong	243	2021-05-09 08:43:34.05	2021-05-09 08:43:34.05
316	Jin	249	2021-05-09 08:43:34.062	2021-05-09 08:43:34.062
334	Chen	258	2021-05-09 08:43:34.076	2021-05-09 08:43:34.076
343	kong minji	265	2021-05-09 08:43:34.088	2021-05-09 08:43:34.088
346	Minzy	265	2021-05-09 08:43:34.088	2021-05-09 08:43:34.088
365	Chaesol	284	2021-05-09 08:43:34.118	2021-05-09 08:43:34.118
373	Songhee	292	2021-05-09 08:43:34.138	2021-05-09 08:43:34.138
386	Ahin	305	2021-05-09 08:43:34.161	2021-05-09 08:43:34.161
397	lea	313	2021-05-09 08:43:34.174	2021-05-09 08:43:34.174
399	ogawamizuki	313	2021-05-09 08:43:34.174	2021-05-09 08:43:34.174
400	mizukiogawa	313	2021-05-09 08:43:34.174	2021-05-09 08:43:34.174
402	Léa	313	2021-05-09 08:43:34.174	2021-05-09 08:43:34.174
414	Yoseob	325	2021-05-09 08:43:34.195	2021-05-09 08:43:34.196
423	Kei	333	2021-05-09 08:43:34.209	2021-05-09 08:43:34.209
435	Haneul	345	2021-05-09 08:43:34.232	2021-05-09 08:43:34.232
442	Chohee	352	2021-05-09 08:43:34.243	2021-05-09 08:43:34.243
453	Anne	363	2021-05-09 08:43:34.261	2021-05-09 08:43:34.261
461	Sally	371	2021-05-09 08:43:34.274	2021-05-09 08:43:34.274
470	Wonwoo	379	2021-05-09 08:43:34.287	2021-05-09 08:43:34.287
479	Sungjin	387	2021-05-09 08:43:34.3	2021-05-09 08:43:34.3
491	Daeun	396	2021-05-09 08:43:34.315	2021-05-09 08:43:34.315
508	Alexa	413	2021-05-09 08:43:34.342	2021-05-09 08:43:34.342
515	Sanha	420	2021-05-09 08:43:34.354	2021-05-09 08:43:34.354
523	Jongho	428	2021-05-09 08:43:34.367	2021-05-09 08:43:34.367
535	Chaehyun	440	2021-05-09 08:43:34.391	2021-05-09 08:43:34.391
543	 WooAh	448	2021-05-09 08:43:34.403	2021-05-09 08:43:34.403
551	Serri	456	2021-05-09 08:43:34.415	2021-05-09 08:43:34.415
559	EJ	464	2021-05-09 08:43:34.43	2021-05-09 08:43:34.43
568	RAMI NU	472	2021-05-09 08:43:34.443	2021-05-09 08:43:34.443
575	Via	479	2021-05-09 08:43:34.455	2021-05-09 08:43:34.455
583	Medic Jin	487	2021-05-09 08:43:34.468	2021-05-09 08:43:34.468
599	Bomin	499	2021-05-09 08:43:34.486	2021-05-09 08:43:34.486
609	Nara	509	2021-05-09 08:43:34.5	2021-05-09 08:43:34.5
620	Jonghyun	520	2021-05-09 08:43:34.523	2021-05-09 08:43:34.523
628	uji	528	2021-05-09 08:43:34.535	2021-05-09 08:43:34.535
630	U.Ji	528	2021-05-09 08:43:34.535	2021-05-09 08:43:34.535
636	Lee Hi	535	2021-05-09 08:43:34.552	2021-05-09 08:43:34.552
643	choi sangyep	541	2021-05-09 08:43:34.563	2021-05-09 08:43:34.563
644	Choi Sang-Yeop	541	2021-05-09 08:43:34.563	2021-05-09 08:43:34.563
654	Mia	549	2021-05-09 08:43:34.577	2021-05-09 08:43:34.577
661	Minhyuk	556	2021-05-09 08:43:34.588	2021-05-09 08:43:34.588
674	Taeyong	568	2021-05-09 08:43:34.607	2021-05-09 08:43:34.607
688	Renjun	580	2021-05-09 08:43:34.626	2021-05-09 08:43:34.626
701	Keonhee	592	2021-05-09 08:43:34.65	2021-05-09 08:43:34.65
711	Hayoung	601	2021-05-09 08:43:34.664	2021-05-09 08:43:34.664
722	Hyosung	612	2021-05-09 08:43:34.68	2021-05-09 08:43:34.68
137	Yubin	100	2021-05-09 08:43:33.884	2021-05-09 08:43:33.884
159	hyelin	117	2021-05-09 08:43:33.899	2021-05-09 08:43:33.899
161	Hyerin	117	2021-05-09 08:43:33.899	2021-05-09 08:43:33.899
184	Bora	136	2021-05-09 08:43:33.921	2021-05-09 08:43:33.921
206	Sejeong	153	2021-05-09 08:43:33.941	2021-05-09 08:43:33.941
226	Liu Yuxin	168	2021-05-09 08:43:33.965	2021-05-09 08:43:33.965
244	Haruhi	183	2021-05-09 08:43:33.981	2021-05-09 08:43:33.981
261	Kaeun	197	2021-05-09 08:43:33.998	2021-05-09 08:43:33.998
277	Chungha	215	2021-05-09 08:43:34.016	2021-05-09 08:43:34.016
294	Naeun	232	2021-05-09 08:43:34.031	2021-05-09 08:43:34.031
303	Yein	240	2021-05-09 08:43:34.046	2021-05-09 08:43:34.046
317	min yoon-gi	250	2021-05-09 08:43:34.063	2021-05-09 08:43:34.063
318	agust d	250	2021-05-09 08:43:34.063	2021-05-09 08:43:34.063
320	min yoongi	250	2021-05-09 08:43:34.063	2021-05-09 08:43:34.063
323	agustd	250	2021-05-09 08:43:34.063	2021-05-09 08:43:34.063
327	Suga	250	2021-05-09 08:43:34.063	2021-05-09 08:43:34.063
340	Sehun	262	2021-05-09 08:43:34.082	2021-05-09 08:43:34.082
349	Soeun	270	2021-05-09 08:43:34.094	2021-05-09 08:43:34.094
357	Sungyeon	278	2021-05-09 08:43:34.109	2021-05-09 08:43:34.109
368	Belle	287	2021-05-09 08:43:34.123	2021-05-09 08:43:34.123
371	Yiyeon	290	2021-05-09 08:43:34.135	2021-05-09 08:43:34.135
379	Miu	298	2021-05-09 08:43:34.148	2021-05-09 08:43:34.148
387	nancy jewel mcdonie	306	2021-05-09 08:43:34.162	2021-05-09 08:43:34.162
389	nancy mcdonie	306	2021-05-09 08:43:34.162	2021-05-09 08:43:34.162
391	Nancy	306	2021-05-09 08:43:34.162	2021-05-09 08:43:34.162
404	yourmom	317	2021-05-09 08:43:34.181	2021-05-09 08:43:34.181
413	Soyeon	324	2021-05-09 08:43:34.194	2021-05-09 08:43:34.194
422	Jooeun	332	2021-05-09 08:43:34.208	2021-05-09 08:43:34.208
437	Juyeon	347	2021-05-09 08:43:34.235	2021-05-09 08:43:34.235
445	Yeowool	355	2021-05-09 08:43:34.248	2021-05-09 08:43:34.248
452	Seokyoung	362	2021-05-09 08:43:34.26	2021-05-09 08:43:34.26
460	Haebin	370	2021-05-09 08:43:34.272	2021-05-09 08:43:34.272
469	Hoshi	378	2021-05-09 08:43:34.285	2021-05-09 08:43:34.285
478	Dino	386	2021-05-09 08:43:34.299	2021-05-09 08:43:34.299
489	Hyerin	394	2021-05-09 08:43:34.312	2021-05-09 08:43:34.312
498	Yoon	403	2021-05-09 08:43:34.326	2021-05-09 08:43:34.326
507	Wow	412	2021-05-09 08:43:34.34	2021-05-09 08:43:34.34
514	Rocky	419	2021-05-09 08:43:34.352	2021-05-09 08:43:34.352
522	Wooyoung	427	2021-05-09 08:43:34.365	2021-05-09 08:43:34.365
536	Dayun	441	2021-05-09 08:43:34.392	2021-05-09 08:43:34.392
544	Colde	449	2021-05-09 08:43:34.405	2021-05-09 08:43:34.405
552	Jiyul	457	2021-05-09 08:43:34.417	2021-05-09 08:43:34.417
567	Hanbyeol	471	2021-05-09 08:43:34.441	2021-05-09 08:43:34.441
574	Chiayi	478	2021-05-09 08:43:34.453	2021-05-09 08:43:34.453
582	Seunghee	486	2021-05-09 08:43:34.466	2021-05-09 08:43:34.466
590	nayoon	494	2021-05-09 08:43:34.479	2021-05-09 08:43:34.479
592	Ari	494	2021-05-09 08:43:34.479	2021-05-09 08:43:34.479
603	Sua	503	2021-05-09 08:43:34.492	2021-05-09 08:43:34.492
706	Kanghyun	596	2021-05-09 08:43:34.657	2021-05-09 08:43:34.657
716	Haeri	606	2021-05-09 08:43:34.674	2021-05-09 08:43:34.674
138	Aini	101	2021-05-09 08:43:33.884	2021-05-09 08:43:33.884
160	Raina	116	2021-05-09 08:43:33.898	2021-05-09 08:43:33.898
179	SuA	132	2021-05-09 08:43:33.919	2021-05-09 08:43:33.919
200	Jennie	148	2021-05-09 08:43:33.935	2021-05-09 08:43:33.935
222	Dahyun	165	2021-05-09 08:43:33.959	2021-05-09 08:43:33.959
242	Yugyung	182	2021-05-09 08:43:33.979	2021-05-09 08:43:33.979
260	Yanan	200	2021-05-09 08:43:33.996	2021-05-09 08:43:33.996
278	Sorn	218	2021-05-09 08:43:34.016	2021-05-09 08:43:34.016
296	Tiffany	234	2021-05-09 08:43:34.036	2021-05-09 08:43:34.036
305	Solbin	242	2021-05-09 08:43:34.049	2021-05-09 08:43:34.049
314	Xiumin	248	2021-05-09 08:43:34.061	2021-05-09 08:43:34.061
335	Chanyeol	259	2021-05-09 08:43:34.077	2021-05-09 08:43:34.077
345	Monday	267	2021-05-09 08:43:34.091	2021-05-09 08:43:34.091
354	Yuha	275	2021-05-09 08:43:34.105	2021-05-09 08:43:34.105
364	Bada	283	2021-05-09 08:43:34.117	2021-05-09 08:43:34.117
374	Seungeun	293	2021-05-09 08:43:34.139	2021-05-09 08:43:34.139
381	Yujin	300	2021-05-09 08:43:34.153	2021-05-09 08:43:34.153
390	Rachel	308	2021-05-09 08:43:34.166	2021-05-09 08:43:34.166
424	Seohyun	334	2021-05-09 08:43:34.211	2021-05-09 08:43:34.211
430	Sehyung	340	2021-05-09 08:43:34.224	2021-05-09 08:43:34.224
438	Yuki	348	2021-05-09 08:43:34.236	2021-05-09 08:43:34.236
446	Yerim	356	2021-05-09 08:43:34.25	2021-05-09 08:43:34.25
454	Minju	364	2021-05-09 08:43:34.262	2021-05-09 08:43:34.262
462	Soyee	372	2021-05-09 08:43:34.276	2021-05-09 08:43:34.276
471	Woozi	380	2021-05-09 08:43:34.289	2021-05-09 08:43:34.289
480	Jae	388	2021-05-09 08:43:34.302	2021-05-09 08:43:34.302
490	Dasom	395	2021-05-09 08:43:34.313	2021-05-09 08:43:34.313
499	Sungah	404	2021-05-09 08:43:34.328	2021-05-09 08:43:34.328
506	Jun	411	2021-05-09 08:43:34.339	2021-05-09 08:43:34.339
518	Yunho	423	2021-05-09 08:43:34.359	2021-05-09 08:43:34.359
526	Johyun	431	2021-05-09 08:43:34.372	2021-05-09 08:43:34.372
532	Moonhee	437	2021-05-09 08:43:34.387	2021-05-09 08:43:34.387
540	Minyoung	445	2021-05-09 08:43:34.398	2021-05-09 08:43:34.398
548	Viki	453	2021-05-09 08:43:34.411	2021-05-09 08:43:34.411
569	Say	473	2021-05-09 08:43:34.445	2021-05-09 08:43:34.445
577	Rayeon	481	2021-05-09 08:43:34.458	2021-05-09 08:43:34.458
584	JK	488	2021-05-09 08:43:34.47	2021-05-09 08:43:34.47
591	cherry	495	2021-05-09 08:43:34.48	2021-05-09 08:43:34.48
594	ChaeA	495	2021-05-09 08:43:34.48	2021-05-09 08:43:34.48
604	Dajeong	504	2021-05-09 08:43:34.493	2021-05-09 08:43:34.493
613	Miko	513	2021-05-09 08:43:34.509	2021-05-09 08:43:34.509
619	Jessi	519	2021-05-09 08:43:34.521	2021-05-09 08:43:34.521
627	Hyeyeon	527	2021-05-09 08:43:34.533	2021-05-09 08:43:34.533
638	A.M	537	2021-05-09 08:43:34.557	2021-05-09 08:43:34.557
649	Yeoeun	544	2021-05-09 08:43:34.568	2021-05-09 08:43:34.568
670	Chaebin	564	2021-05-09 08:43:34.6	2021-05-09 08:43:34.6
678	kim dong young	572	2021-05-09 08:43:34.612	2021-05-09 08:43:34.612
679	kim dong-young	572	2021-05-09 08:43:34.613	2021-05-09 08:43:34.613
682	Doyoung	572	2021-05-09 08:43:34.613	2021-05-09 08:43:34.613
704	Harin	594	2021-05-09 08:43:34.654	2021-05-09 08:43:34.654
712	Yujin	602	2021-05-09 08:43:34.666	2021-05-09 08:43:34.666
723	blenn	613	2021-05-09 08:43:34.683	2021-05-09 08:43:34.682
726	Lina	613	2021-05-09 08:43:34.683	2021-05-09 08:43:34.683
736	Taeyang	625	2021-05-09 08:43:34.705	2021-05-09 08:43:34.705
746	cho eunae	635	2021-05-09 08:43:34.728	2021-05-09 08:43:34.728
747	jo eunae	635	2021-05-09 08:43:34.728	2021-05-09 08:43:34.728
750	D.ana	635	2021-05-09 08:43:34.728	2021-05-09 08:43:34.728
760	Bang Chan	646	2021-05-09 08:43:34.746	2021-05-09 08:43:34.746
773	Eunyoung	655	2021-05-09 08:43:34.762	2021-05-09 08:43:34.762
781	Yeonho	663	2021-05-09 08:43:34.774	2021-05-09 08:43:34.774
789	Nari	671	2021-05-09 08:43:34.786	2021-05-09 08:43:34.786
798	hueningkai	679	2021-05-09 08:43:34.799	2021-05-09 08:43:34.799
800	jungkai	679	2021-05-09 08:43:34.799	2021-05-09 08:43:34.799
802	xiuning kai	679	2021-05-09 08:43:34.799	2021-05-09 08:43:34.799
804	kai karmal huening	679	2021-05-09 08:43:34.799	2021-05-09 08:43:34.799
808	xiuning	679	2021-05-09 08:43:34.799	2021-05-09 08:43:34.799
810	Huening Kai	679	2021-05-09 08:43:34.799	2021-05-09 08:43:34.799
920	Jaehyo	695	2021-05-09 08:43:34.988	2021-05-09 08:43:34.988
925	Jinyoung	700	2021-05-09 08:43:35	2021-05-09 08:43:35
931	Youngjae	706	2021-05-09 08:43:35.014	2021-05-09 08:43:35.014
1031	Hana	712	2021-05-09 08:43:35.219	2021-05-09 08:43:35.219
140	romsae	102	2021-05-09 08:43:33.885	2021-05-09 08:43:33.885
141	Saerom	102	2021-05-09 08:43:33.885	2021-05-09 08:43:33.885
163	Hyeseong	119	2021-05-09 08:43:33.902	2021-05-09 08:43:33.902
182	kim yerim	134	2021-05-09 08:43:33.923	2021-05-09 08:43:33.923
185	Yeri	134	2021-05-09 08:43:33.923	2021-05-09 08:43:33.923
210	Eunji	155	2021-05-09 08:43:33.941	2021-05-09 08:43:33.941
229	park jimin	172	2021-05-09 08:43:33.972	2021-05-09 08:43:33.972
236	Jimin	172	2021-05-09 08:43:33.972	2021-05-09 08:43:33.972
252	Solji	189	2021-05-09 08:43:33.988	2021-05-09 08:43:33.988
266	Sohee	205	2021-05-09 08:43:34.006	2021-05-09 08:43:34.006
284	Lisa	224	2021-05-09 08:43:34.024	2021-05-09 08:43:34.024
300	Momoka	238	2021-05-09 08:43:34.043	2021-05-09 08:43:34.043
309	Soodam	245	2021-05-09 08:43:34.057	2021-05-09 08:43:34.057
325	taehyung	253	2021-05-09 08:43:34.068	2021-05-09 08:43:34.068
328	V	253	2021-05-09 08:43:34.068	2021-05-09 08:43:34.068
341	Bom	263	2021-05-09 08:43:34.085	2021-05-09 08:43:34.085
352	Jihan	273	2021-05-09 08:43:34.101	2021-05-09 08:43:34.101
362	Kyla	281	2021-05-09 08:43:34.114	2021-05-09 08:43:34.114
376	Jisoo	295	2021-05-09 08:43:34.142	2021-05-09 08:43:34.142
383	Yuna	302	2021-05-09 08:43:34.156	2021-05-09 08:43:34.156
393	solarsido	310	2021-05-09 08:43:34.169	2021-05-09 08:43:34.169
395	Solar	310	2021-05-09 08:43:34.169	2021-05-09 08:43:34.169
407	Kong Xueer	319	2021-05-09 08:43:34.184	2021-05-09 08:43:34.184
415	Taeha	326	2021-05-09 08:43:34.197	2021-05-09 08:43:34.197
425	Naeun	335	2021-05-09 08:43:34.213	2021-05-09 08:43:34.213
431	Gowoon	341	2021-05-09 08:43:34.225	2021-05-09 08:43:34.225
444	Sunha	354	2021-05-09 08:43:34.247	2021-05-09 08:43:34.247
451	Miya	361	2021-05-09 08:43:34.258	2021-05-09 08:43:34.258
473	dokyeom	382	2021-05-09 08:43:34.292	2021-05-09 08:43:34.292
474	DK	382	2021-05-09 08:43:34.292	2021-05-09 08:43:34.292
488	Hyangsuk	393	2021-05-09 08:43:34.311	2021-05-09 08:43:34.311
497	Hyejin	402	2021-05-09 08:43:34.325	2021-05-09 08:43:34.325
505	Kim Byeongkwan	410	2021-05-09 08:43:34.338	2021-05-09 08:43:34.338
513	Moonbin	418	2021-05-09 08:43:34.35	2021-05-09 08:43:34.35
521	Mingi	426	2021-05-09 08:43:34.364	2021-05-09 08:43:34.364
529	Dayoung	434	2021-05-09 08:43:34.383	2021-05-09 08:43:34.383
537	Gaon	442	2021-05-09 08:43:34.394	2021-05-09 08:43:34.394
545	Hyejin	450	2021-05-09 08:43:34.406	2021-05-09 08:43:34.406
553	Woohee	458	2021-05-09 08:43:34.418	2021-05-09 08:43:34.418
564	Sumin	468	2021-05-09 08:43:34.437	2021-05-09 08:43:34.437
576	Yoonhye	480	2021-05-09 08:43:34.456	2021-05-09 08:43:34.456
587	Ellyn	491	2021-05-09 08:43:34.474	2021-05-09 08:43:34.474
598	Yena	498	2021-05-09 08:43:34.484	2021-05-09 08:43:34.484
607	Aeji	506	2021-05-09 08:43:34.499	2021-05-09 08:43:34.499
615	Jian	515	2021-05-09 08:43:34.514	2021-05-09 08:43:34.514
622	Somin	522	2021-05-09 08:43:34.526	2021-05-09 08:43:34.526
632	Gabin	531	2021-05-09 08:43:34.54	2021-05-09 08:43:34.54
635	J-Jin	534	2021-05-09 08:43:34.55	2021-05-09 08:43:34.55
641	shin yechan	540	2021-05-09 08:43:34.562	2021-05-09 08:43:34.562
642	Shin Ye-Chan	540	2021-05-09 08:43:34.562	2021-05-09 08:43:34.562
653	Hanna	548	2021-05-09 08:43:34.575	2021-05-09 08:43:34.575
660	Kihyun	555	2021-05-09 08:43:34.587	2021-05-09 08:43:34.587
669	Haru	563	2021-05-09 08:43:34.599	2021-05-09 08:43:34.599
680	Ten	573	2021-05-09 08:43:34.614	2021-05-09 08:43:34.614
689	Hendery	581	2021-05-09 08:43:34.627	2021-05-09 08:43:34.627
699	Hwanwoong	591	2021-05-09 08:43:34.648	2021-05-09 08:43:34.648
714	Eunjin	604	2021-05-09 08:43:34.669	2021-05-09 08:43:34.669
730	Jaeyoon	619	2021-05-09 08:43:34.69	2021-05-09 08:43:34.69
738	Taemin	627	2021-05-09 08:43:34.709	2021-05-09 08:43:34.709
743	Sumin	632	2021-05-09 08:43:34.724	2021-05-09 08:43:34.724
753	Sihyun	640	2021-05-09 08:43:34.737	2021-05-09 08:43:34.737
762	han ji-sung	647	2021-05-09 08:43:34.748	2021-05-09 08:43:34.748
764	Han	647	2021-05-09 08:43:34.748	2021-05-09 08:43:34.748
143	Aisha	103	2021-05-09 08:43:33.888	2021-05-09 08:43:33.888
162	Sowon	118	2021-05-09 08:43:33.902	2021-05-09 08:43:33.902
183	UEE	135	2021-05-09 08:43:33.923	2021-05-09 08:43:33.923
203	eyoung	151	2021-05-09 08:43:33.939	2021-05-09 08:43:33.939
208	E-Young	151	2021-05-09 08:43:33.939	2021-05-09 08:43:33.939
233	Hyomin	177	2021-05-09 08:43:33.973	2021-05-09 08:43:33.973
253	Remi	193	2021-05-09 08:43:33.988	2021-05-09 08:43:33.988
268	Kino	207	2021-05-09 08:43:34.008	2021-05-09 08:43:34.008
289	Hwasa	222	2021-05-09 08:43:34.024	2021-05-09 08:43:34.024
331	Baekhyun	256	2021-05-09 08:43:34.073	2021-05-09 08:43:34.073
344	Dara	266	2021-05-09 08:43:34.09	2021-05-09 08:43:34.09
353	Roa	274	2021-05-09 08:43:34.103	2021-05-09 08:43:34.103
363	Jeewon	282	2021-05-09 08:43:34.115	2021-05-09 08:43:34.115
375	Bomi	294	2021-05-09 08:43:34.14	2021-05-09 08:43:34.14
382	Sunny	301	2021-05-09 08:43:34.154	2021-05-09 08:43:34.154
392	Hyunseung	309	2021-05-09 08:43:34.167	2021-05-09 08:43:34.167
403	Mijoo	316	2021-05-09 08:43:34.179	2021-05-09 08:43:34.179
412	Namjoo	323	2021-05-09 08:43:34.192	2021-05-09 08:43:34.192
420	Taeyeon	331	2021-05-09 08:43:34.206	2021-05-09 08:43:34.206
429	Daye	339	2021-05-09 08:43:34.222	2021-05-09 08:43:34.222
436	Nayeon	346	2021-05-09 08:43:34.233	2021-05-09 08:43:34.233
443	Sion	353	2021-05-09 08:43:34.245	2021-05-09 08:43:34.245
450	Seoryoung	360	2021-05-09 08:43:34.256	2021-05-09 08:43:34.256
459	Nayoung	369	2021-05-09 08:43:34.271	2021-05-09 08:43:34.271
467	Joshua	376	2021-05-09 08:43:34.282	2021-05-09 08:43:34.282
476	Seungkwan	384	2021-05-09 08:43:34.295	2021-05-09 08:43:34.295
484	Junhyeok	391	2021-05-09 08:43:34.307	2021-05-09 08:43:34.307
494	Hyeji	399	2021-05-09 08:43:34.32	2021-05-09 08:43:34.32
502	Sojin	407	2021-05-09 08:43:34.333	2021-05-09 08:43:34.333
510	JinJin	415	2021-05-09 08:43:34.345	2021-05-09 08:43:34.345
517	Hongjoong	422	2021-05-09 08:43:34.357	2021-05-09 08:43:34.357
525	Simyeong	430	2021-05-09 08:43:34.37	2021-05-09 08:43:34.37
533	Tina	438	2021-05-09 08:43:34.388	2021-05-09 08:43:34.388
541	Yuna	446	2021-05-09 08:43:34.4	2021-05-09 08:43:34.4
549	ChaeY 	454	2021-05-09 08:43:34.412	2021-05-09 08:43:34.412
557	Haeri	462	2021-05-09 08:43:34.424	2021-05-09 08:43:34.424
565	Eunjo	469	2021-05-09 08:43:34.438	2021-05-09 08:43:34.438
572	Sika	476	2021-05-09 08:43:34.451	2021-05-09 08:43:34.451
580	Linzy	484	2021-05-09 08:43:34.463	2021-05-09 08:43:34.463
588	ZINNI	492	2021-05-09 08:43:34.476	2021-05-09 08:43:34.476
600	Yeso	500	2021-05-09 08:43:34.487	2021-05-09 08:43:34.487
608	Yooyoung	508	2021-05-09 08:43:34.501	2021-05-09 08:43:34.501
625	Key	525	2021-05-09 08:43:34.531	2021-05-09 08:43:34.531
650	Yein	545	2021-05-09 08:43:34.57	2021-05-09 08:43:34.57
658	Wonho	553	2021-05-09 08:43:34.584	2021-05-09 08:43:34.584
667	Lu	561	2021-05-09 08:43:34.596	2021-05-09 08:43:34.596
675	Johnny	569	2021-05-09 08:43:34.608	2021-05-09 08:43:34.608
685	Lucas	577	2021-05-09 08:43:34.621	2021-05-09 08:43:34.621
693	Jaemin	585	2021-05-09 08:43:34.633	2021-05-09 08:43:34.633
696	Ravn	588	2021-05-09 08:43:34.644	2021-05-09 08:43:34.644
719	이나	610	2021-05-09 08:43:34.678	2021-05-09 08:43:34.678
918	Kyung	693	2021-05-09 08:43:34.984	2021-05-09 08:43:34.984
923	Zico	698	2021-05-09 08:43:34.996	2021-05-09 08:43:34.996
930	BamBam	705	2021-05-09 08:43:35.012	2021-05-09 08:43:35.012
1030	Dani	711	2021-05-09 08:43:35.218	2021-05-09 08:43:35.218
144	Eunha	105	2021-05-09 08:43:33.889	2021-05-09 08:43:33.889
165	EXY	121	2021-05-09 08:43:33.911	2021-05-09 08:43:33.911
186	Yeji	137	2021-05-09 08:43:33.925	2021-05-09 08:43:33.925
204	joyuriz	152	2021-05-09 08:43:33.94	2021-05-09 08:43:33.94
209	Yuri	152	2021-05-09 08:43:33.94	2021-05-09 08:43:33.94
231	Hyebin	171	2021-05-09 08:43:33.971	2021-05-09 08:43:33.971
248	Jessica	187	2021-05-09 08:43:33.985	2021-05-09 08:43:33.985
267	Haein	206	2021-05-09 08:43:34.006	2021-05-09 08:43:34.006
286	Eunbi	225	2021-05-09 08:43:34.024	2021-05-09 08:43:34.024
299	Eunbin	237	2021-05-09 08:43:34.041	2021-05-09 08:43:34.041
319	jhope	251	2021-05-09 08:43:34.065	2021-05-09 08:43:34.065
321	j-hope	251	2021-05-09 08:43:34.065	2021-05-09 08:43:34.065
324	J Hope	251	2021-05-09 08:43:34.065	2021-05-09 08:43:34.065
337	Kai	261	2021-05-09 08:43:34.08	2021-05-09 08:43:34.08
348	Jiyoon	269	2021-05-09 08:43:34.093	2021-05-09 08:43:34.093
356	Rena	277	2021-05-09 08:43:34.107	2021-05-09 08:43:34.107
367	Sunn	286	2021-05-09 08:43:34.121	2021-05-09 08:43:34.121
372	Jungwoo	291	2021-05-09 08:43:34.136	2021-05-09 08:43:34.136
380	Yeeun	299	2021-05-09 08:43:34.151	2021-05-09 08:43:34.151
388	ZN	307	2021-05-09 08:43:34.164	2021-05-09 08:43:34.164
401	Wheein	315	2021-05-09 08:43:34.177	2021-05-09 08:43:34.177
410	gah	322	2021-05-09 08:43:34.19	2021-05-09 08:43:34.19
411	Gahyeon	322	2021-05-09 08:43:34.19	2021-05-09 08:43:34.19
419	dongie	330	2021-05-09 08:43:34.205	2021-05-09 08:43:34.205
421	Handong	330	2021-05-09 08:43:34.205	2021-05-09 08:43:34.205
458	Hana	368	2021-05-09 08:43:34.269	2021-05-09 08:43:34.269
466	Jeonghan	375	2021-05-09 08:43:34.28	2021-05-09 08:43:34.28
492	Yurim	397	2021-05-09 08:43:34.316	2021-05-09 08:43:34.316
500	Kyungri	405	2021-05-09 08:43:34.33	2021-05-09 08:43:34.33
555	Subin	460	2021-05-09 08:43:34.421	2021-05-09 08:43:34.421
562	Youi	466	2021-05-09 08:43:34.433	2021-05-09 08:43:34.433
570	YULL	474	2021-05-09 08:43:34.447	2021-05-09 08:43:34.447
578	Doah	482	2021-05-09 08:43:34.46	2021-05-09 08:43:34.46
585	Xeheun	489	2021-05-09 08:43:34.471	2021-05-09 08:43:34.471
593	genie	496	2021-05-09 08:43:34.482	2021-05-09 08:43:34.482
595	jiwon	496	2021-05-09 08:43:34.482	2021-05-09 08:43:34.482
597	Green	496	2021-05-09 08:43:34.482	2021-05-09 08:43:34.482
606	Sojin	507	2021-05-09 08:43:34.497	2021-05-09 08:43:34.497
655	Heeu	550	2021-05-09 08:43:34.579	2021-05-09 08:43:34.579
662	Jooheon	557	2021-05-09 08:43:34.59	2021-05-09 08:43:34.59
671	Sunshine	565	2021-05-09 08:43:34.602	2021-05-09 08:43:34.602
681	WinWin	574	2021-05-09 08:43:34.615	2021-05-09 08:43:34.615
690	Jeno	582	2021-05-09 08:43:34.628	2021-05-09 08:43:34.628
698	kim gun hak	590	2021-05-09 08:43:34.646	2021-05-09 08:43:34.646
700	kim gun-hak	590	2021-05-09 08:43:34.646	2021-05-09 08:43:34.646
702	Leedo	590	2021-05-09 08:43:34.646	2021-05-09 08:43:34.646
709	Dongmyeong	599	2021-05-09 08:43:34.661	2021-05-09 08:43:34.661
717	Yeonha	608	2021-05-09 08:43:34.675	2021-05-09 08:43:34.675
147	Minah	106	2021-05-09 08:43:33.891	2021-05-09 08:43:33.891
169	Gyuri	125	2021-05-09 08:43:33.913	2021-05-09 08:43:33.913
188	Hyeri	140	2021-05-09 08:43:33.929	2021-05-09 08:43:33.929
214	jenyer	159	2021-05-09 08:43:33.946	2021-05-09 08:43:33.946
216	Jiyoon	159	2021-05-09 08:43:33.946	2021-05-09 08:43:33.946
234	Hyejeong	176	2021-05-09 08:43:33.973	2021-05-09 08:43:33.973
250	Seulgi	191	2021-05-09 08:43:33.988	2021-05-09 08:43:33.988
269	Gahyun	209	2021-05-09 08:43:34.008	2021-05-09 08:43:34.008
287	JiU	226	2021-05-09 08:43:34.023	2021-05-09 08:43:34.023
732	Inseong	620	2021-05-09 08:43:34.692	2021-05-09 08:43:34.692
741	Minho	630	2021-05-09 08:43:34.722	2021-05-09 08:43:34.722
756	minho	643	2021-05-09 08:43:34.741	2021-05-09 08:43:34.741
758	Lee Know	643	2021-05-09 08:43:34.741	2021-05-09 08:43:34.741
771	Surin	654	2021-05-09 08:43:34.759	2021-05-09 08:43:34.759
807	Daesung	683	2021-05-09 08:43:34.806	2021-05-09 08:43:34.806
149	Mina	107	2021-05-09 08:43:33.893	2021-05-09 08:43:33.893
171	Mirae	126	2021-05-09 08:43:33.914	2021-05-09 08:43:33.914
193	So Young	143	2021-05-09 08:43:33.931	2021-05-09 08:43:33.931
215	yoo	160	2021-05-09 08:43:33.951	2021-05-09 08:43:33.951
219	Yoohyeon	160	2021-05-09 08:43:33.951	2021-05-09 08:43:33.951
235	Seolhyun	175	2021-05-09 08:43:33.973	2021-05-09 08:43:33.973
251	Doojoon	190	2021-05-09 08:43:33.987	2021-05-09 08:43:33.987
273	Chanmi	212	2021-05-09 08:43:34.008	2021-05-09 08:43:34.008
291	Somyi	229	2021-05-09 08:43:34.027	2021-05-09 08:43:34.027
729	Shoo	617	2021-05-09 08:43:34.687	2021-05-09 08:43:34.687
769	i.n.	652	2021-05-09 08:43:34.758	2021-05-09 08:43:34.758
772	I.N	652	2021-05-09 08:43:34.758	2021-05-09 08:43:34.758
780	Minchan	662	2021-05-09 08:43:34.772	2021-05-09 08:43:34.772
788	Hongbin	670	2021-05-09 08:43:34.784	2021-05-09 08:43:34.784
797	Taehyun	678	2021-05-09 08:43:34.797	2021-05-09 08:43:34.797
812	Mark	686	2021-05-09 08:43:34.811	2021-05-09 08:43:34.811
1032	Jiwon	713	2021-05-09 08:43:35.221	2021-05-09 08:43:35.221
150	nakyung	109	2021-05-09 08:43:33.895	2021-05-09 08:43:33.895
157	Nagyung	109	2021-05-09 08:43:33.895	2021-05-09 08:43:33.895
178	Yuto	131	2021-05-09 08:43:33.918	2021-05-09 08:43:33.918
195	Lia	146	2021-05-09 08:43:33.933	2021-05-09 08:43:33.933
217	LE	162	2021-05-09 08:43:33.954	2021-05-09 08:43:33.954
239	Jeonghwa	173	2021-05-09 08:43:33.973	2021-05-09 08:43:33.973
256	Choa	195	2021-05-09 08:43:33.988	2021-05-09 08:43:33.988
270	byul	210	2021-05-09 08:43:34.009	2021-05-09 08:43:34.009
274	Moonbyul	210	2021-05-09 08:43:34.009	2021-05-09 08:43:34.009
290	Seungyeon	228	2021-05-09 08:43:34.027	2021-05-09 08:43:34.027
336	do	260	2021-05-09 08:43:34.079	2021-05-09 08:43:34.079
338	d.o	260	2021-05-09 08:43:34.079	2021-05-09 08:43:34.079
339	D.O.	260	2021-05-09 08:43:34.079	2021-05-09 08:43:34.079
350	Jaehee	271	2021-05-09 08:43:34.096	2021-05-09 08:43:34.096
359	siyeon	280	2021-05-09 08:43:34.112	2021-05-09 08:43:34.112
361	Xiyeon	280	2021-05-09 08:43:34.112	2021-05-09 08:43:34.112
398	Daisy	314	2021-05-09 08:43:34.175	2021-05-09 08:43:34.175
409	Chorong	321	2021-05-09 08:43:34.188	2021-05-09 08:43:34.188
417	Yulhee	328	2021-05-09 08:43:34.201	2021-05-09 08:43:34.201
426	Youngji	336	2021-05-09 08:43:34.214	2021-05-09 08:43:34.214
432	Taeha	342	2021-05-09 08:43:34.227	2021-05-09 08:43:34.227
439	Minseo	349	2021-05-09 08:43:34.238	2021-05-09 08:43:34.238
447	Layeon	357	2021-05-09 08:43:34.251	2021-05-09 08:43:34.251
455	SoSo	365	2021-05-09 08:43:34.264	2021-05-09 08:43:34.264
463	Hyeyeon	373	2021-05-09 08:43:34.277	2021-05-09 08:43:34.278
472	Mingyu	381	2021-05-09 08:43:34.29	2021-05-09 08:43:34.29
481	youngk	389	2021-05-09 08:43:34.304	2021-05-09 08:43:34.304
482	brian kang	389	2021-05-09 08:43:34.304	2021-05-09 08:43:34.304
485	briankang	389	2021-05-09 08:43:34.304	2021-05-09 08:43:34.304
486	Young K	389	2021-05-09 08:43:34.304	2021-05-09 08:43:34.304
610	Moko	511	2021-05-09 08:43:34.502	2021-05-09 08:43:34.502
617	Sang	517	2021-05-09 08:43:34.517	2021-05-09 08:43:34.517
624	RiSe	524	2021-05-09 08:43:34.529	2021-05-09 08:43:34.529
633	Zuny	532	2021-05-09 08:43:34.549	2021-05-09 08:43:34.549
639	Heeseok	538	2021-05-09 08:43:34.559	2021-05-09 08:43:34.559
652	Henny	547	2021-05-09 08:43:34.573	2021-05-09 08:43:34.573
659	Shownu	554	2021-05-09 08:43:34.586	2021-05-09 08:43:34.586
668	Saebom	562	2021-05-09 08:43:34.597	2021-05-09 08:43:34.597
677	Kun	571	2021-05-09 08:43:34.611	2021-05-09 08:43:34.611
687	Xiaojun	579	2021-05-09 08:43:34.624	2021-05-09 08:43:34.624
703	Xion	593	2021-05-09 08:43:34.652	2021-05-09 08:43:34.652
710	Yunji	600	2021-05-09 08:43:34.663	2021-05-09 08:43:34.663
720	Alexandra	609	2021-05-09 08:43:34.677	2021-05-09 08:43:34.677
921	B-Bomb	696	2021-05-09 08:43:34.99	2021-05-09 08:43:34.99
927	Gongchan	702	2021-05-09 08:43:35.004	2021-05-09 08:43:35.004
1028	Boram	709	2021-05-09 08:43:35.215	2021-05-09 08:43:35.215
151	Hui	108	2021-05-09 08:43:33.895	2021-05-09 08:43:33.895
170	kim doyeon	122	2021-05-09 08:43:33.914	2021-05-09 08:43:33.914
173	kim do-yeon	122	2021-05-09 08:43:33.914	2021-05-09 08:43:33.914
177	Doyeon	122	2021-05-09 08:43:33.914	2021-05-09 08:43:33.914
196	Jungah	147	2021-05-09 08:43:33.933	2021-05-09 08:43:33.933
218	Hara	161	2021-05-09 08:43:33.956	2021-05-09 08:43:33.956
238	Haeyoon	174	2021-05-09 08:43:33.974	2021-05-09 08:43:33.974
255	Kiki	192	2021-05-09 08:43:33.988	2021-05-09 08:43:33.988
272	Yuju	208	2021-05-09 08:43:34.008	2021-05-09 08:43:34.008
283	Heesun	221	2021-05-09 08:43:34.024	2021-05-09 08:43:34.024
727	Jieun	616	2021-05-09 08:43:34.685	2021-05-09 08:43:34.685
739	EunB	628	2021-05-09 08:43:34.711	2021-05-09 08:43:34.711
742	Soyou	631	2021-05-09 08:43:34.723	2021-05-09 08:43:34.723
752	Boa	639	2021-05-09 08:43:34.735	2021-05-09 08:43:34.735
765	Hyunjin	648	2021-05-09 08:43:34.75	2021-05-09 08:43:34.75
779	Gyehyeon	661	2021-05-09 08:43:34.771	2021-05-09 08:43:34.771
787	Ravi	669	2021-05-09 08:43:34.783	2021-05-09 08:43:34.783
796	Beomgyu	677	2021-05-09 08:43:34.796	2021-05-09 08:43:34.796
811	JB	685	2021-05-09 08:43:34.81	2021-05-09 08:43:34.81
852	Bora	689	2021-05-09 08:43:34.874	2021-05-09 08:43:34.874
919	U-Kwon	694	2021-05-09 08:43:34.985	2021-05-09 08:43:34.985
924	Baro	699	2021-05-09 08:43:34.998	2021-05-09 08:43:34.998
929	Yugyeom	704	2021-05-09 08:43:35.01	2021-05-09 08:43:35.01
1024	Eunjung	707	2021-05-09 08:43:35.21	2021-05-09 08:43:35.21
1033	Areum	714	2021-05-09 08:43:35.223	2021-05-09 08:43:35.223
153	Hani	111	2021-05-09 08:43:33.896	2021-05-09 08:43:33.896
174	Kokoro	128	2021-05-09 08:43:33.916	2021-05-09 08:43:33.916
194	joyuriz	144	2021-05-09 08:43:33.931	2021-05-09 08:43:33.931
198	Chaewon	144	2021-05-09 08:43:33.931	2021-05-09 08:43:33.931
221	Hayoung	164	2021-05-09 08:43:33.957	2021-05-09 08:43:33.957
243	Yuna	181	2021-05-09 08:43:33.979	2021-05-09 08:43:33.979
258	Luna	199	2021-05-09 08:43:33.997	2021-05-09 08:43:33.997
279	Juri	216	2021-05-09 08:43:34.016	2021-05-09 08:43:34.016
298	Suyun	236	2021-05-09 08:43:34.04	2021-05-09 08:43:34.04
307	dita karang	244	2021-05-09 08:43:34.055	2021-05-09 08:43:34.055
308	ditakarang	244	2021-05-09 08:43:34.055	2021-05-09 08:43:34.055
310	Dita	244	2021-05-09 08:43:34.055	2021-05-09 08:43:34.055
326	jk	254	2021-05-09 08:43:34.069	2021-05-09 08:43:34.069
329	kookie	254	2021-05-09 08:43:34.069	2021-05-09 08:43:34.069
332	Jungkook	254	2021-05-09 08:43:34.069	2021-05-09 08:43:34.069
347	Soojin	268	2021-05-09 08:43:34.092	2021-05-09 08:43:34.092
355	Eunwoo	276	2021-05-09 08:43:34.106	2021-05-09 08:43:34.106
366	Ye Ah	285	2021-05-09 08:43:34.119	2021-05-09 08:43:34.119
370	Semi	289	2021-05-09 08:43:34.134	2021-05-09 08:43:34.134
378	Jimin	297	2021-05-09 08:43:34.146	2021-05-09 08:43:34.146
385	Jinsol	304	2021-05-09 08:43:34.159	2021-05-09 08:43:34.159
396	An Qi	312	2021-05-09 08:43:34.172	2021-05-09 08:43:34.172
408	Mina	320	2021-05-09 08:43:34.186	2021-05-09 08:43:34.186
416	Sujeong	327	2021-05-09 08:43:34.199	2021-05-09 08:43:34.199
428	Yeonhee	338	2021-05-09 08:43:34.218	2021-05-09 08:43:34.218
434	Iera	344	2021-05-09 08:43:34.23	2021-05-09 08:43:34.23
441	Ayeon	351	2021-05-09 08:43:34.241	2021-05-09 08:43:34.241
449	Mini	359	2021-05-09 08:43:34.255	2021-05-09 08:43:34.255
457	Mimi	367	2021-05-09 08:43:34.267	2021-05-09 08:43:34.267
464	scoups	374	2021-05-09 08:43:34.279	2021-05-09 08:43:34.279
465	S.Coups	374	2021-05-09 08:43:34.279	2021-05-09 08:43:34.279
475	The8	383	2021-05-09 08:43:34.294	2021-05-09 08:43:34.294
483	Wonpil	390	2021-05-09 08:43:34.306	2021-05-09 08:43:34.306
495	Haeun	400	2021-05-09 08:43:34.322	2021-05-09 08:43:34.322
503	Donghun	408	2021-05-09 08:43:34.334	2021-05-09 08:43:34.334
511	MJ	416	2021-05-09 08:43:34.347	2021-05-09 08:43:34.347
519	Yeosang	424	2021-05-09 08:43:34.36	2021-05-09 08:43:34.36
527	Jiyoon	432	2021-05-09 08:43:34.374	2021-05-09 08:43:34.374
530	Giru	435	2021-05-09 08:43:34.384	2021-05-09 08:43:34.384
538	Kongyoo	443	2021-05-09 08:43:34.395	2021-05-09 08:43:34.395
546	Karin	451	2021-05-09 08:43:34.407	2021-05-09 08:43:34.407
554	Kaeun	459	2021-05-09 08:43:34.42	2021-05-09 08:43:34.42
560	moon shinae	465	2021-05-09 08:43:34.431	2021-05-09 08:43:34.431
561	Lara	465	2021-05-09 08:43:34.431	2021-05-09 08:43:34.431
602	Seungmin	502	2021-05-09 08:43:34.49	2021-05-09 08:43:34.49
721	Hana	611	2021-05-09 08:43:34.681	2021-05-09 08:43:34.681
734	Zuho	623	2021-05-09 08:43:34.702	2021-05-09 08:43:34.702
751	New Sun	638	2021-05-09 08:43:34.733	2021-05-09 08:43:34.733
768	Jiyou	651	2021-05-09 08:43:34.754	2021-05-09 08:43:34.754
778	Dongheon	660	2021-05-09 08:43:34.769	2021-05-09 08:43:34.769
786	Ken	668	2021-05-09 08:43:34.782	2021-05-09 08:43:34.782
795	Yeonjun	676	2021-05-09 08:43:34.794	2021-05-09 08:43:34.794
809	Seungri	684	2021-05-09 08:43:34.808	2021-05-09 08:43:34.808
155	Yiren	112	2021-05-09 08:43:33.896	2021-05-09 08:43:33.896
172	Chaeyoung	127	2021-05-09 08:43:33.916	2021-05-09 08:43:33.916
191	Kahi	142	2021-05-09 08:43:33.929	2021-05-09 08:43:33.929
213	Chaeyeon	158	2021-05-09 08:43:33.947	2021-05-09 08:43:33.947
232	esther	178	2021-05-09 08:43:33.973	2021-05-09 08:43:33.973
240	Yu Shuxin	178	2021-05-09 08:43:33.973	2021-05-09 08:43:33.973
254	Yena	194	2021-05-09 08:43:33.988	2021-05-09 08:43:33.988
271	Dami	211	2021-05-09 08:43:34.008	2021-05-09 08:43:34.008
285	Yumin	227	2021-05-09 08:43:34.025	2021-05-09 08:43:34.025
731	Dawon	621	2021-05-09 08:43:34.695	2021-05-09 08:43:34.695
740	Sojung	629	2021-05-09 08:43:34.714	2021-05-09 08:43:34.714
744	Dasom	633	2021-05-09 08:43:34.725	2021-05-09 08:43:34.725
754	Narae	641	2021-05-09 08:43:34.738	2021-05-09 08:43:34.738
766	Seungmin	649	2021-05-09 08:43:34.751	2021-05-09 08:43:34.751
776	Suji	658	2021-05-09 08:43:34.766	2021-05-09 08:43:34.766
784	N	666	2021-05-09 08:43:34.779	2021-05-09 08:43:34.779
792	Woojoo	674	2021-05-09 08:43:34.791	2021-05-09 08:43:34.791
805	Taeyang	682	2021-05-09 08:43:34.805	2021-05-09 08:43:34.805
853	Hyorin	690	2021-05-09 08:43:34.876	2021-05-09 08:43:34.876
915	po	691	2021-05-09 08:43:34.981	2021-05-09 08:43:34.981
916	P.O.	691	2021-05-09 08:43:34.981	2021-05-09 08:43:34.981
928	CNU	703	2021-05-09 08:43:35.007	2021-05-09 08:43:35.007
1034	Hwayoung	715	2021-05-09 08:43:35.225	2021-05-09 08:43:35.225
156	Nayoung	113	2021-05-09 08:43:33.895	2021-05-09 08:43:33.895
176	Ryujin	130	2021-05-09 08:43:33.918	2021-05-09 08:43:33.918
197	May	145	2021-05-09 08:43:33.933	2021-05-09 08:43:33.933
220	Seungyeon	163	2021-05-09 08:43:33.954	2021-05-09 08:43:33.954
241	Baby Soul	180	2021-05-09 08:43:33.977	2021-05-09 08:43:33.977
257	BIBI	196	2021-05-09 08:43:33.99	2021-05-09 08:43:33.99
275	Yukyung	213	2021-05-09 08:43:34.01	2021-05-09 08:43:34.01
293	Umji	231	2021-05-09 08:43:34.03	2021-05-09 08:43:34.03
322	RM	252	2021-05-09 08:43:34.067	2021-05-09 08:43:34.067
611	Yua	510	2021-05-09 08:43:34.503	2021-05-09 08:43:34.503
616	Ungjae	516	2021-05-09 08:43:34.515	2021-05-09 08:43:34.515
623	Jiwoo	523	2021-05-09 08:43:34.527	2021-05-09 08:43:34.527
631	Haeryeong	530	2021-05-09 08:43:34.538	2021-05-09 08:43:34.538
634	Moonbok	533	2021-05-09 08:43:34.55	2021-05-09 08:43:34.55
640	C.I	539	2021-05-09 08:43:34.56	2021-05-09 08:43:34.56
651	Yoomin	546	2021-05-09 08:43:34.572	2021-05-09 08:43:34.572
663	Hyungwon	558	2021-05-09 08:43:34.592	2021-05-09 08:43:34.592
672	Uchae	566	2021-05-09 08:43:34.604	2021-05-09 08:43:34.604
684	Jungwoo	576	2021-05-09 08:43:34.619	2021-05-09 08:43:34.619
692	Haechan	584	2021-05-09 08:43:34.631	2021-05-09 08:43:34.631
695	Jisung	587	2021-05-09 08:43:34.643	2021-05-09 08:43:34.643
707	Yonghoon	597	2021-05-09 08:43:34.658	2021-05-09 08:43:34.658
715	Ahyung	605	2021-05-09 08:43:34.671	2021-05-09 08:43:34.671
728	Youngbin	618	2021-05-09 08:43:34.688	2021-05-09 08:43:34.688
737	Chani	626	2021-05-09 08:43:34.707	2021-05-09 08:43:34.707
745	Minjae	634	2021-05-09 08:43:34.727	2021-05-09 08:43:34.727
755	Bohyung	642	2021-05-09 08:43:34.739	2021-05-09 08:43:34.739
767	Felix	650	2021-05-09 08:43:34.752	2021-05-09 08:43:34.752
777	Hoyoung	659	2021-05-09 08:43:34.768	2021-05-09 08:43:34.768
785	Leo	667	2021-05-09 08:43:34.78	2021-05-09 08:43:34.78
793	choi soobin	675	2021-05-09 08:43:34.792	2021-05-09 08:43:34.792
794	Soobin	675	2021-05-09 08:43:34.792	2021-05-09 08:43:34.792
813	Jackson	687	2021-05-09 08:43:34.813	2021-05-09 08:43:34.813
145	jung wooseok	104	2021-05-09 08:43:33.889	2021-05-09 08:43:33.889
148	Wooseok	104	2021-05-09 08:43:33.889	2021-05-09 08:43:33.889
166	Cheng Xiao	123	2021-05-09 08:43:33.913	2021-05-09 08:43:33.913
187	si	138	2021-05-09 08:43:33.928	2021-05-09 08:43:33.928
189	Siyeon	138	2021-05-09 08:43:33.928	2021-05-09 08:43:33.928
207	Kikwang	154	2021-05-09 08:43:33.941	2021-05-09 08:43:33.941
227	Lu Keran	169	2021-05-09 08:43:33.968	2021-05-09 08:43:33.968
246	Yerin	184	2021-05-09 08:43:33.984	2021-05-09 08:43:33.984
263	Yoona	202	2021-05-09 08:43:34.001	2021-05-09 08:43:34.001
281	Jiwon	220	2021-05-09 08:43:34.016	2021-05-09 08:43:34.016
\.


--
-- Data for Name: users; Type: TABLE DATA; Schema: public; Owner: postgres
--

COPY public.users (id, name, email, email_verified, image, token, created_at, updated_at, bot) FROM stdin;
2	Xetera	mythologyali@gmail.com	\N	https://cdn.discordapp.com/avatars/140862798832861184/67cc4251b48d867c26121ba8ce4472d2.png	SIMP_270177f329102e5c95f356d1b5f50c564d0ff4c8f489cefcbfdbde40ef235dba	2021-05-09 09:02:13.381	2021-05-09 09:02:13.391	f
1	JiuBot	bot@kiyomi.io	\N	https://my.simp.pics/ymT4UWHNEeBFtn-x.webp	SIMP_ebf338de115d3164f9253f907c4c42c52b7ff432a5a07b5a940fc4a6def10488	2021-05-09 08:23:41.643	2021-05-15 18:16:36.196	t
\.


--
-- Data for Name: images; Type: TABLE DATA; Schema: public; Owner: postgres
--

COPY public.images (slug, width, height, file_name, upload_type, mimetype, created_at, updated_at, user_id, id, hash, p_hash, public, palette, caption, views, is_nsfw, source, bytes, face_scan_date, "ireneBotId", face_scan_request_date) FROM stdin;
QtEa_2Zfhrm5Dtv1	1024	1024	YoohyeonSiyeonOverTheSky.jpg	TOKEN	WEBP	2021-05-16 06:12:49.184	2021-05-16 12:37:43.618	1	6	380107e5995f0ac9868fd45987e87022edbac4e58a9e66a8ce43a1021ae06784	b8aca7caed2da1fca81d346423e5efd5b3cbc49fa5fc0f60cdd0f5ed94bacf0f5886e4a0cb65da3666c6343ac832c97c12c13697b3974dbc9bf738c0a50dc907c970967e9909ed95d3fb976b930c6448867299724ea4268f5e99487093843327233fcf894ed27c0a9d0d89197ad2364fb59cefc803681b0784b44e7c05b90911	t	{11440517,14869991,13021859,2433321,8809830,1314839,1051410,1644061,3748923,5719110}	\N	2	f	\N	113424	2021-05-16 06:12:51.341	\N	\N
WJS3Kjac-wHnxzJX	1500	1518	\N	TOKEN	WEBP	2021-05-09 08:48:18.76	2021-05-16 14:40:17.381	1	1		ad19e70dcadd5bd82d633c473e1608f3847ac72ee180261f03edda49be3d49b93f3a0199a19db842d2d0837ea673ef241d62348099a614d3641ff9c3677403bfb945be00ddc00469f01bef6d81dcb3808df800df2d01de2132748b3f624f7fd267fef0c299a1c83d9c7f0cf0662d2c4ff180ff8dc1ff80986643b87037781937	t	{5659213,6387799,856343,1843756,5532753,9662834,8293481,13486529,5716801,9806208}	\N	604	f	\N	940682	2021-05-16 14:40:16.629	\N	2021-05-16 14:40:11.1
NtjjA6DY6UZchPif	1920	1280	77-_0kd8IRGlu_Ax.webp	TOKEN	WEBP	2021-05-15 19:07:33.467	2021-05-16 17:39:12.716	1	2	c2d7f947710d70fdb50c806e79a5d663ea6bfb5579a02a72f12f5d8bc01131d5	a6de640dcdf27c151df13c16489eae63e90c96c92a1081864eea48a6ab4ddd5ce281d93d1720926ca254545c62af49bc2546ea6b6594568be9e6a51742564ea7a506d4d33394adc8533ca7a8e315a559b3952a4763a94cc64151add5a6b35afe4613394d473333d5733513ba32a9b43d5575b6afca7b3b4ad4a773b44d77356a	t	{1576465,14641503,5254962,2891560,13929866,8020867,7812147,14461864,15585493,13116976}	\N	21	f	\N	108188	2021-05-15 22:05:41.035	\N	2021-05-15 21:55:24.334
YI6e5A5sQ38X0Ixm	2048	2731	gg.webp	TOKEN	WEBP	2021-05-16 05:39:13.131	2021-05-16 08:13:14.411	1	4	43cb0ae42477f833daa88aa35bdcbecb9bed83134e0bc2a803a49be3db62fe27	e37a52deda8e2da9e404df903c5b2427837a421ba7998dcc0e66ff38d893d097b7cf6273606f0cce38005bc2bfd03fd9cd29af2ecf97d0c5b7c24872387843de19152de964e1bf30c196708d9376da9a3e6b057ccc5308eba66c0fa3e71c27004192d61df17c7a13141c3c5c1e1b412cd34780c0786035c7fc307ae3d7539f5b	t	{14334883,10454902,13085845,14339004,12755082,7821895,12760744,11247505,14408410,16249579}	\N	5	f	\N	575544	2021-05-16 05:39:17.714	\N	\N
zb2dUzMSdzTVDA9_	1920	1080	dreamcatcher.jpg	TOKEN	WEBP	2021-05-16 06:10:59.094	2021-05-16 18:07:47.964	1	5	28026bc41882c1f5e40a9dceb5a13c60d70e312cc8e8809c2e840829c6b31ed0	c82dc0119ceadd475b9f227c661ec5e03497928bbbb44513fb61ed4d7f5e3b413438e0f936f91956ab6a6d16e96b6664f72796c57f1532d87e1667bb7d9d4c83711adb4488f35b1284a62c6fec20bc0ccb56589d50cbf118b486288ec4880f49ca45803c8b43f2c89cd7ff90169624af5e8d2a394be84350e9d7d70654969baa	t	{4669266,11705746,3614265,7894905,6446695,10911857,8937562,12761258,7161417,14731193}	\N	31	f	\N	386416	2021-05-16 06:11:01.945	\N	\N
FjJtw1K0ikTvFow3	2048	1538	iz262bjywux61.jpg	TOKEN	WEBP	2021-05-15 22:28:54.76	2021-05-17 06:24:22.891	1	3	ad1027da1c4c60290a4101b5bbc4be52e9c2d318c30259f5efbc419ce6f68817	94f9e798519658b32f061acd2f5cf79b6311c2266387c064ab69199cd87039ca523edba828b61d3399d72f7ed1c7a6d93c87cc632c9cbc49716582e269e3a4d86be5bd190d6d19061e6f1db23a27053269674dd1cf5b43f3c32b64a64d446475cd666f09c2786f44d24b24151c93564469d99fcc2adc53a5169d499dbc598b71	t	{4539719,3221287,13941419,6969944,11347255,13543065,9797753,12947330,14734277,16115419}	\N	29	f	\N	259444	2021-05-15 22:51:35.084	\N	2021-05-15 22:31:11.146
\.


--
-- Data for Name: persons; Type: TABLE DATA; Schema: public; Owner: postgres
--

COPY public.persons (id, name, created_at, updated_at, description, irene_bot_id, preferred_alias_id) FROM stdin;
1	Bae Joo Hyun	2021-05-09 08:43:33.646	2021-05-09 08:43:33.646	\N	1	\N
2	Kim Hyun-jin	2021-05-09 08:43:33.658	2021-05-09 08:43:33.658	\N	3	\N
3	Jo Ha-seul	2021-05-09 08:43:33.669	2021-05-09 08:43:33.669	\N	4	\N
4	Jeon Hee-jin	2021-05-09 08:43:33.681	2021-05-09 08:43:33.681	\N	2	\N
5	Kim Jung-eun	2021-05-09 08:43:33.681	2021-05-09 08:43:33.681	\N	7	\N
6	Roh Ji-sun	2021-05-09 08:43:33.681	2021-05-09 08:43:33.681	\N	102	\N
7	Im Yeo-jin	2021-05-09 08:43:33.694	2021-05-09 08:43:33.694	\N	5	\N
8	Song Ha-young	2021-05-09 08:43:33.706	2021-05-09 08:43:33.706	\N	103	\N
9	Wu Xuan Yi	2021-05-09 08:43:33.718	2021-05-09 08:43:33.718	\N	106	\N
10	Park Chae-won	2021-05-09 08:43:33.718	2021-05-09 08:43:33.718	\N	12	\N
11	Hwang A-ra	2021-05-09 08:43:33.718	2021-05-09 08:43:33.718	\N	6	\N
12	Jung Jin-soul	2021-05-09 08:43:33.718	2021-05-09 08:43:33.718	\N	8	\N
13	Park Soo Bin	2021-05-09 08:43:33.718	2021-05-09 08:43:33.718	\N	108	\N
14	Chou Tzuyu	2021-05-09 08:43:33.731	2021-05-09 08:43:33.731	\N	15	\N
16	Kim Ji Soo	2021-05-09 08:43:33.732	2021-05-09 08:43:33.732	\N	14	\N
15	Ki Hee Hyun	2021-05-09 08:43:33.731	2021-05-09 08:43:33.731	\N	205	\N
17	Choi Ye-rim	2021-05-09 08:43:33.731	2021-05-09 08:43:33.731	\N	9	\N
18	Ha Sooyoung	2021-05-09 08:43:33.731	2021-05-09 08:43:33.731	\N	10	\N
19	Lee Lu Da	2021-05-09 08:43:33.746	2021-05-09 08:43:33.746	\N	109	\N
21	Lee Yeo Reum	2021-05-09 08:43:33.747	2021-05-09 08:43:33.746	\N	113	\N
20	Baek Ye Bin	2021-05-09 08:43:33.746	2021-05-09 08:43:33.746	\N	207	\N
22	Heo Soo Yeon	2021-05-09 08:43:33.746	2021-05-09 08:43:33.746	\N	206	\N
24	Lim Da Young	2021-05-09 08:43:33.759	2021-05-09 08:43:33.759	\N	114	\N
23	Nam Da Won	2021-05-09 08:43:33.76	2021-05-09 08:43:33.76	\N	110	\N
25	Maeng Mi Ki	2021-05-09 08:43:33.759	2021-05-09 08:43:33.759	\N	112	\N
26	Song Jeon	2021-05-09 08:43:33.759	2021-05-09 08:43:33.759	\N	210	\N
27	Kim Ji Yeon	2021-05-09 08:43:33.759	2021-05-09 08:43:33.759	\N	107	\N
28	Yeh Shuhua	2021-05-09 08:43:33.774	2021-05-09 08:43:33.774	\N	117	\N
31	Son Hye-joo	2021-05-09 08:43:33.788	2021-05-09 08:43:33.788	\N	13	\N
32	Krystal Jung	2021-05-09 08:43:33.788	2021-05-09 08:43:33.788	\N	213	\N
34	Kim Da Hyun	2021-05-09 08:43:33.788	2021-05-09 08:43:33.788	\N	17	\N
35	Yoo Eun Young	2021-05-09 08:43:33.787	2021-05-09 08:43:33.787	\N	211	\N
36	Choi Jin Ri	2021-05-09 08:43:33.788	2021-05-09 08:43:33.788	\N	214	\N
30	Son Chae Young	2021-05-09 08:43:33.788	2021-05-09 08:43:33.788	\N	16	\N
33	Kim Hyun Ah	2021-05-09 08:43:33.787	2021-05-09 08:43:33.787	\N	215	\N
29	Kim Ji-woo	2021-05-09 08:43:33.788	2021-05-09 08:43:33.788	\N	11	\N
37	Heo Ga Yoon	2021-05-09 08:43:33.787	2021-05-09 08:43:33.787	\N	217	\N
38	Yoo Jeong Yeon	2021-05-09 08:43:33.802	2021-05-09 08:43:33.802	\N	22	\N
39	Kim Ji-ho	2021-05-09 08:43:33.802	2021-05-09 08:43:33.802	\N	25	\N
40	Minatozaki Sana	2021-05-09 08:43:33.802	2021-05-09 08:43:33.802	\N	20	\N
41	Hirai Momo	2021-05-09 08:43:33.802	2021-05-09 08:43:33.802	\N	21	\N
42	Kim Mi-hyun	2021-05-09 08:43:33.803	2021-05-09 08:43:33.803	\N	27	\N
44	Bae Yu-bin	2021-05-09 08:43:33.802	2021-05-09 08:43:33.802	\N	26	\N
43	Hyun Seung-hee	2021-05-09 08:43:33.802	2021-05-09 08:43:33.802	\N	24	\N
45	Park Ji Hyo	2021-05-09 08:43:33.802	2021-05-09 08:43:33.802	\N	19	\N
46	Myoui Mina	2021-05-09 08:43:33.802	2021-05-09 08:43:33.802	\N	18	\N
48	Park Ye Eun	2021-05-09 08:43:33.818	2021-05-09 08:43:33.818	\N	220	\N
49	Yoon Min Hee	2021-05-09 08:43:33.818	2021-05-09 08:43:33.818	\N	115	\N
47	Lee Sun Mi	2021-05-09 08:43:33.818	2021-05-09 08:43:33.818	\N	222	\N
50	Song Yu Qi	2021-05-09 08:43:33.818	2021-05-09 08:43:33.818	\N	119	\N
52	Cho Mi Yeon	2021-05-09 08:43:33.818	2021-05-09 08:43:33.818	\N	116	\N
53	Yoo Shi Ah	2021-05-09 08:43:33.818	2021-05-09 08:43:33.818	\N	28	\N
51	Son Ju Yeon	2021-05-09 08:43:33.818	2021-05-09 08:43:33.818	\N	111	\N
54	Choi Ye-won	2021-05-09 08:43:33.818	2021-05-09 08:43:33.818	\N	29	\N
55	Son Ji Hyun	2021-05-09 08:43:33.818	2021-05-09 08:43:33.818	\N	216	\N
56	Im Na Yeon	2021-05-09 08:43:33.817	2021-05-09 08:43:33.817	\N	23	\N
57	The Great King	2021-05-09 08:43:33.833	2021-05-09 08:43:33.833	\N	122	\N
58	Jeon So Yeon	2021-05-09 08:43:33.832	2021-05-09 08:43:33.832	\N	120	\N
59	Park Geun Hye	2021-05-09 08:43:33.833	2021-05-09 08:43:33.833	\N	127	\N
60	Lee Sang Ah	2021-05-09 08:43:33.833	2021-05-09 08:43:33.833	\N	125	\N
61	Choi Hyo-jung	2021-05-09 08:43:33.833	2021-05-09 08:43:33.833	\N	31	\N
62	Park Ye Rim	2021-05-09 08:43:33.833	2021-05-09 08:43:33.833	\N	128	\N
63	Honda Hitomi	2021-05-09 08:43:33.833	2021-05-09 08:43:33.833	\N	33	\N
65	Miyawaki Sakura	2021-05-09 08:43:33.833	2021-05-09 08:43:33.833	\N	32	\N
64	Kang Eun Young	2021-05-09 08:43:33.833	2021-05-09 08:43:33.833	\N	124	\N
66	Kim Ye Chan	2021-05-09 08:43:33.833	2021-05-09 08:43:33.833	\N	123	\N
67	Kim Hyo Jong	2021-05-09 08:43:33.833	2021-05-09 08:43:33.833	\N	225	\N
68	Shin Hye-jin	2021-05-09 08:43:33.832	2021-05-09 08:43:33.832	\N	30	\N
69	Jang Won Young	2021-05-09 08:43:33.849	2021-05-09 08:43:33.849	\N	35	\N
70	Yong Jun Hyung	2021-05-09 08:43:33.861	2021-05-09 08:43:33.861	\N	228	\N
71	Ko Shin Won	2021-05-09 08:43:33.861	2021-05-09 08:43:33.861	\N	234	\N
73	Kim Ah Young	2021-05-09 08:43:33.861	2021-05-09 08:43:33.861	\N	131	\N
72	Kwon So Hyun	2021-05-09 08:43:33.861	2021-05-09 08:43:33.861	\N	219	\N
74	Kang Hye Won	2021-05-09 08:43:33.862	2021-05-09 08:43:33.862	\N	34	\N
75	Cho Yu Been	2021-05-09 08:43:33.862	2021-05-09 08:43:33.862	\N	126	\N
76	Park So Jin	2021-05-09 08:43:33.861	2021-05-09 08:43:33.861	\N	130	\N
78	Choi Yoon-ah	2021-05-09 08:43:33.863	2021-05-09 08:43:33.863	\N	55	\N
80	Seo Su Jin	2021-05-09 08:43:33.861	2021-05-09 08:43:33.861	\N	118	\N
77	Kim Min Joo	2021-05-09 08:43:33.862	2021-05-09 08:43:33.862	\N	37	\N
79	Ahn Yu Jin	2021-05-09 08:43:33.862	2021-05-09 08:43:33.862	\N	36	\N
81	Yabuki Nako	2021-05-09 08:43:33.862	2021-05-09 08:43:33.862	\N	38	\N
82	Yang Hong Seok	2021-05-09 08:43:33.861	2021-05-09 08:43:33.861	\N	233	\N
83	Min Ka-rin	2021-05-09 08:43:33.863	2021-05-09 08:43:33.863	\N	57	\N
84	Son Dong Woon	2021-05-09 08:43:33.861	2021-05-09 08:43:33.861	\N	231	\N
85	Son Seung Wan	2021-05-09 08:43:33.868	2021-05-09 08:43:33.868	\N	60	\N
86	Yeo Chang Gu	2021-05-09 08:43:33.862	2021-05-09 08:43:33.862	\N	235	\N
87	Park Chaerin	2021-05-09 08:43:33.874	2021-05-09 08:43:33.874	\N	80	\N
88	Kim So Hye	2021-05-09 08:43:33.875	2021-05-09 08:43:33.875	\N	87	\N
89	Kim So-hee	2021-05-09 08:43:33.875	2021-05-09 08:43:33.875	\N	58	\N
90	Park Jiwon	2021-05-09 08:43:33.877	2021-05-09 08:43:33.877	\N	45	\N
91	Park Soo Young	2021-05-09 08:43:33.878	2021-05-09 08:43:33.878	\N	63	\N
92	Han Eunji	2021-05-09 08:43:33.879	2021-05-09 08:43:33.879	\N	46	\N
94	Bae Su Ji	2021-05-09 08:43:33.88	2021-05-09 08:43:33.88	\N	65	\N
93	Choi Ye Na	2021-05-09 08:43:33.879	2021-05-09 08:43:33.879	\N	40	\N
95	Jo Serim	2021-05-09 08:43:33.879	2021-05-09 08:43:33.879	\N	47	\N
96	Park Chae Young	2021-05-09 08:43:33.88	2021-05-09 08:43:33.88	\N	67	\N
97	Jung Chae Yeon	2021-05-09 08:43:33.88	2021-05-09 08:43:33.88	\N	70	\N
98	Kim Sihyeon	2021-05-09 08:43:33.879	2021-05-09 08:43:33.879	\N	48	\N
99	Choi Yoo Jung	2021-05-09 08:43:33.882	2021-05-09 08:43:33.882	\N	91	\N
100	Kim Yu Bin	2021-05-09 08:43:33.884	2021-05-09 08:43:33.884	\N	221	\N
101	Kim Hee Jung	2021-05-09 08:43:33.884	2021-05-09 08:43:33.884	\N	94	\N
102	Lee Sae-rom	2021-05-09 08:43:33.885	2021-05-09 08:43:33.885	\N	95	\N
103	Heo Yoorim	2021-05-09 08:43:33.888	2021-05-09 08:43:33.888	\N	44	\N
104	Jung Woo Seok	2021-05-09 08:43:33.889	2021-05-09 08:43:33.889	\N	239	\N
105	Jung Eun Bi	2021-05-09 08:43:33.889	2021-05-09 08:43:33.889	\N	134	\N
106	Bang Min Ah	2021-05-09 08:43:33.891	2021-05-09 08:43:33.891	\N	132	\N
107	Kang Mi Na	2021-05-09 08:43:33.893	2021-05-09 08:43:33.893	\N	92	\N
108	Lee Hoe Taek	2021-05-09 08:43:33.895	2021-05-09 08:43:33.895	\N	224	\N
109	Lee Na-gyung	2021-05-09 08:43:33.895	2021-05-09 08:43:33.895	\N	99	\N
110	Jang Jung Heun	2021-05-09 08:43:33.896	2021-05-09 08:43:33.896	\N	202	\N
111	Ahn Hee Yeon	2021-05-09 08:43:33.895	2021-05-09 08:43:33.895	\N	52	\N
112	Wang Yiren	2021-05-09 08:43:33.895	2021-05-09 08:43:33.895	\N	49	\N
113	Lim Na Young	2021-05-09 08:43:33.895	2021-05-09 08:43:33.895	\N	90	\N
114	Woo Hye Lim	2021-05-09 08:43:33.897	2021-05-09 08:43:33.897	\N	223	\N
115	Yu Yeon Jung	2021-05-09 08:43:33.897	2021-05-09 08:43:33.897	\N	88	\N
133	Zhou Jieqiong	2021-05-09 08:43:33.919	2021-05-09 08:43:33.919	\N	68	\N
150	Baek Ji-heon	2021-05-09 08:43:33.937	2021-05-09 08:43:33.937	\N	100	\N
166	Zhao Xiaotang	2021-05-09 08:43:33.963	2021-05-09 08:43:33.963	\N	274	\N
186	Lee Joo Yeon	2021-05-09 08:43:33.984	2021-05-09 08:43:33.984	\N	248	\N
201	Seo Yunkyoung	2021-05-09 08:43:34.001	2021-05-09 08:43:34.001	\N	262	\N
217	Kim Hyun Jung	2021-05-09 08:43:34.016	2021-05-09 08:43:34.016	\N	105	\N
233	Park Myung Eun	2021-05-09 08:43:34.032	2021-05-09 08:43:34.032	\N	177	\N
241	....N/A	2021-05-09 08:43:34.047	2021-05-09 08:43:34.047	\N	167	\N
247	Denise Kim	2021-05-09 08:43:34.059	2021-05-09 08:43:34.059	\N	295	\N
255	Kim Junmyeon	2021-05-09 08:43:34.071	2021-05-09 08:43:34.071	\N	303	\N
272	Jo Hye Won	2021-05-09 08:43:34.098	2021-05-09 08:43:34.098	\N	321	\N
279	Kim Ye-won	2021-05-09 08:43:34.11	2021-05-09 08:43:34.11	\N	326	\N
288	Jung Yeon Jeong	2021-05-09 08:43:34.132	2021-05-09 08:43:34.132	\N	335	\N
296	Sung Ji-Yeon	2021-05-09 08:43:34.144	2021-05-09 08:43:34.144	\N	283	\N
303	Lee Joo-Won	2021-05-09 08:43:34.157	2021-05-09 08:43:34.157	\N	285	\N
311	Lee Da-Bin	2021-05-09 08:43:34.17	2021-05-09 08:43:34.17	\N	289	\N
318	Yu Yan	2021-05-09 08:43:34.183	2021-05-09 08:43:34.183	\N	277	\N
329	Kim Na-Yun	2021-05-09 08:43:34.202	2021-05-09 08:43:34.202	\N	284	\N
337	.N/A	2021-05-09 08:43:34.216	2021-05-09 08:43:34.216	\N	164	\N
343	Kim Su-bin	2021-05-09 08:43:34.229	2021-05-09 08:43:34.229	\N	351	\N
350	Kim Chae Won	2021-05-09 08:43:34.239	2021-05-09 08:43:34.239	\N	359	\N
358	Park Se Yeon	2021-05-09 08:43:34.253	2021-05-09 08:43:34.253	\N	367	\N
366	Kang Lena	2021-05-09 08:43:34.265	2021-05-09 08:43:34.265	\N	374	\N
377	Moon Jun Hwi	2021-05-09 08:43:34.283	2021-05-09 08:43:34.283	\N	385	\N
385	Choi Han Sol	2021-05-09 08:43:34.297	2021-05-09 08:43:34.297	\N	393	\N
392	Yoon Do Woon	2021-05-09 08:43:34.309	2021-05-09 08:43:34.309	\N	399	\N
401	Gwak Heeoh	2021-05-09 08:43:34.324	2021-05-09 08:43:34.323	\N	409	\N
409	Lee Keumjo	2021-05-09 08:43:34.336	2021-05-09 08:43:34.336	\N	416	\N
417	Lee Dongmin	2021-05-09 08:43:34.349	2021-05-09 08:43:34.349	\N	425	\N
425	Choi San	2021-05-09 08:43:34.362	2021-05-09 08:43:34.362	\N	433	\N
433	Seo Yu-ri	2021-05-09 08:43:34.375	2021-05-09 08:43:34.375	\N	346	\N
436	Hwang Yeeun	2021-05-09 08:43:34.386	2021-05-09 08:43:34.386	\N	448	\N
444	Nam Yujeong	2021-05-09 08:43:34.397	2021-05-09 08:43:34.397	\N	459	\N
452	 Ji Suan 	2021-05-09 08:43:34.409	2021-05-09 08:43:34.409	\N	479	\N
461	Kang Minkyung	2021-05-09 08:43:34.423	2021-05-09 08:43:34.423	\N	489	\N
467	전지민	2021-05-09 08:43:34.435	2021-05-09 08:43:34.435	\N	494	\N
475	Kim Doi	2021-05-09 08:43:34.449	2021-05-09 08:43:34.449	\N	502	\N
483	Cao Lu	2021-05-09 08:43:34.461	2021-05-09 08:43:34.461	\N	510	\N
490	Jeon Heesun	2021-05-09 08:43:34.472	2021-05-09 08:43:34.472	\N	525	\N
497	Park Shinyoung	2021-05-09 08:43:34.483	2021-05-09 08:43:34.483	\N	550	\N
505	Oh Subin	2021-05-09 08:43:34.495	2021-05-09 08:43:34.495	\N	557	\N
514	Kim Taeho	2021-05-09 08:43:34.511	2021-05-09 08:43:34.511	\N	566	\N
521	BM1	2021-05-09 08:43:34.524	2021-05-09 08:43:34.524	\N	591	\N
529	Song Dahye	2021-05-09 08:43:34.537	2021-05-09 08:43:34.537	\N	443	\N
536	Lee Huichan	2021-05-09 08:43:34.555	2021-05-09 08:43:34.555	\N	603	\N
543	Cho Won Sang	2021-05-09 08:43:34.567	2021-05-09 08:43:34.567	\N	619	\N
552	Jeon Minjae	2021-05-09 08:43:34.583	2021-05-09 08:43:34.583	\N	628	\N
560	Im Changkyun 	2021-05-09 08:43:34.595	2021-05-09 08:43:34.595	\N	636	\N
570	Nakamoto Yuta	2021-05-09 08:43:34.61	2021-05-09 08:43:34.61	\N	647	\N
578	Mark Lee	2021-05-09 08:43:34.623	2021-05-09 08:43:34.623	\N	655	\N
586	Zhong Chenle	2021-05-09 08:43:34.642	2021-05-09 08:43:34.642	\N	663	\N
595	Lee Jinki	2021-05-09 08:43:34.655	2021-05-09 08:43:34.655	\N	671	\N
603	Hwang Woolim	2021-05-09 08:43:34.667	2021-05-09 08:43:34.667	\N	680	\N
615	Choi Seunghee	2021-05-09 08:43:34.683	2021-05-09 08:43:34.683	\N	697	\N
624	Kim Youngkyun	2021-05-09 08:43:34.703	2021-05-09 08:43:34.703	\N	707	\N
636	Kim Nahyun	2021-05-09 08:43:34.73	2021-05-09 08:43:34.73	\N	718	\N
644	Kim Woojin	2021-05-09 08:43:34.743	2021-05-09 08:43:34.743	\N	725	\N
653	Choi Eunmi	2021-05-09 08:43:34.758	2021-05-09 08:43:34.758	\N	735	\N
688	Park Jin Young	2021-05-09 08:43:34.814	2021-05-09 08:43:34.814	\N	771	\N
692	Lee Ji Hyun	2021-05-09 08:43:34.982	2021-05-09 08:43:34.982	\N	793	\N
701	Lee Jung Hwan	2021-05-09 08:43:35.002	2021-05-09 08:43:35.002	\N	776	\N
708	Park Ji Yeon	2021-05-09 08:43:35.214	2021-05-09 08:43:35.214	\N	795	\N
117	Seo Hye Rin	2021-05-09 08:43:33.899	2021-05-09 08:43:33.899	\N	54	\N
136	Kim Bora	2021-05-09 08:43:33.921	2021-05-09 08:43:33.921	\N	77	\N
153	Kim Se Jeong	2021-05-09 08:43:33.941	2021-05-09 08:43:33.941	\N	86	\N
168	Liu Yuxin	2021-05-09 08:43:33.964	2021-05-09 08:43:33.964	\N	275	\N
183	...N/A	2021-05-09 08:43:33.981	2021-05-09 08:43:33.981	\N	166	\N
197	Lee Ka Eun	2021-05-09 08:43:33.998	2021-05-09 08:43:33.998	\N	243	\N
215	Kim Chan-mi	2021-05-09 08:43:34.016	2021-05-09 08:43:34.016	\N	85	\N
232	Son Na Eun	2021-05-09 08:43:34.031	2021-05-09 08:43:34.031	\N	184	\N
240	Jung Ye In	2021-05-09 08:43:34.046	2021-05-09 08:43:34.046	\N	179	\N
250	Min Yoon Gi	2021-05-09 08:43:34.063	2021-05-09 08:43:34.063	\N	298	\N
262	Oh Sehun	2021-05-09 08:43:34.082	2021-05-09 08:43:34.082	\N	310	\N
270	Park So Eun	2021-05-09 08:43:34.094	2021-05-09 08:43:34.094	\N	318	\N
278	Bae Sungyeon	2021-05-09 08:43:34.109	2021-05-09 08:43:34.109	\N	327	\N
287	Jin Hyeon Ju	2021-05-09 08:43:34.123	2021-05-09 08:43:34.123	\N	336	\N
290	Jung Da Sol	2021-05-09 08:43:34.135	2021-05-09 08:43:34.135	\N	338	\N
298	N/A.	2021-05-09 08:43:34.148	2021-05-09 08:43:34.148	\N	168	\N
306	Lee Geu-Roo	2021-05-09 08:43:34.162	2021-05-09 08:43:34.162	\N	287	\N
317	your mom	2021-05-09 08:43:34.181	2021-05-09 08:43:34.181	\N	272	\N
324	Jung Soyeon	2021-05-09 08:43:34.194	2021-05-09 08:43:34.194	\N	257	\N
332	Lee Joo Eun	2021-05-09 08:43:34.208	2021-05-09 08:43:34.208	\N	204	\N
347	Lee Ju Yeon	2021-05-09 08:43:34.235	2021-05-09 08:43:34.235	\N	355	\N
355	Ha Yu Kyung	2021-05-09 08:43:34.248	2021-05-09 08:43:34.248	\N	363	\N
362	Kim Seo Kyoung	2021-05-09 08:43:34.259	2021-05-09 08:43:34.259	\N	370	\N
370	Han Hae-bin	2021-05-09 08:43:34.272	2021-05-09 08:43:34.272	\N	377	\N
378	Kwon Soon Young	2021-05-09 08:43:34.285	2021-05-09 08:43:34.285	\N	386	\N
386	Lee Chan	2021-05-09 08:43:34.299	2021-05-09 08:43:34.299	\N	394	\N
394	Kim Hyerin	2021-05-09 08:43:34.312	2021-05-09 08:43:34.312	\N	402	\N
403	Heo Yoon	2021-05-09 08:43:34.326	2021-05-09 08:43:34.326	\N	410	\N
412	Wow1	2021-05-09 08:43:34.34	2021-05-09 08:43:34.34	\N	420	\N
419	Park Minhyuk	2021-05-09 08:43:34.352	2021-05-09 08:43:34.352	\N	427	\N
427	Jung Wooyoung	2021-05-09 08:43:34.365	2021-05-09 08:43:34.365	\N	435	\N
441	Kim Dayun	2021-05-09 08:43:34.392	2021-05-09 08:43:34.392	\N	455	\N
449	Kim Hee-soo	2021-05-09 08:43:34.405	2021-05-09 08:43:34.405	\N	463	\N
457	Yang Jungyoon	2021-05-09 08:43:34.417	2021-05-09 08:43:34.417	\N	484	\N
471	Ahn Hanbyeol	2021-05-09 08:43:34.441	2021-05-09 08:43:34.441	\N	498	\N
478	Li Jiayi	2021-05-09 08:43:34.453	2021-05-09 08:43:34.453	\N	505	\N
486	Cho Seunghee	2021-05-09 08:43:34.466	2021-05-09 08:43:34.466	\N	521	\N
494	Hwang Nayoon	2021-05-09 08:43:34.479	2021-05-09 08:43:34.478	\N	545	\N
503	Yang Sua	2021-05-09 08:43:34.492	2021-05-09 08:43:34.492	\N	554	\N
596	Kang Hyungu	2021-05-09 08:43:34.657	2021-05-09 08:43:34.657	\N	674	\N
606	Jung Haeri	2021-05-09 08:43:34.674	2021-05-09 08:43:34.674	\N	683	\N
118	Kim So Jung	2021-05-09 08:43:33.902	2021-05-09 08:43:33.902	\N	136	\N
135	Kim Yoo Jin	2021-05-09 08:43:33.923	2021-05-09 08:43:33.923	\N	246	\N
151	Noh Lee Young	2021-05-09 08:43:33.939	2021-05-09 08:43:33.939	\N	244	\N
177	Park Sun Young	2021-05-09 08:43:33.973	2021-05-09 08:43:33.973	\N	273	\N
193	Katsuno Rise	2021-05-09 08:43:33.988	2021-05-09 08:43:33.988	\N	79	\N
207	Kang Hyung Gu	2021-05-09 08:43:34.008	2021-05-09 08:43:34.008	\N	238	\N
222	Ahn Hye Jin	2021-05-09 08:43:34.024	2021-05-09 08:43:34.024	\N	156	\N
256	Byun Baekhyun	2021-05-09 08:43:34.073	2021-05-09 08:43:34.073	\N	305	\N
266	Sandara Park	2021-05-09 08:43:34.09	2021-05-09 08:43:34.09	\N	312	\N
274	Kim Min-kyeung	2021-05-09 08:43:34.103	2021-05-09 08:43:34.103	\N	322	\N
282	Kim Ji Won	2021-05-09 08:43:34.115	2021-05-09 08:43:34.115	\N	332	\N
294	Yoon Bo Mi	2021-05-09 08:43:34.14	2021-05-09 08:43:34.14	\N	182	\N
301	Lee Soon Kyu	2021-05-09 08:43:34.154	2021-05-09 08:43:34.154	\N	188	\N
309	Jang Hyun Seung	2021-05-09 08:43:34.167	2021-05-09 08:43:34.167	\N	226	\N
316	Lee Seungah	2021-05-09 08:43:34.179	2021-05-09 08:43:34.179	\N	176	\N
323	Kim Nam Joo	2021-05-09 08:43:34.192	2021-05-09 08:43:34.192	\N	185	\N
331	Kim Tae Yeon	2021-05-09 08:43:34.206	2021-05-09 08:43:34.206	\N	187	\N
339	Kim Hyeon-jeong	2021-05-09 08:43:34.222	2021-05-09 08:43:34.222	\N	347	\N
346	Kim Na-yeon	2021-05-09 08:43:34.233	2021-05-09 08:43:34.233	\N	353	\N
353	Kim Si On	2021-05-09 08:43:34.245	2021-05-09 08:43:34.245	\N	361	\N
360	Lee Seo Ryoung	2021-05-09 08:43:34.256	2021-05-09 08:43:34.256	\N	368	\N
369	Kim Na-young	2021-05-09 08:43:34.271	2021-05-09 08:43:34.271	\N	378	\N
376	Hong Ji Soo	2021-05-09 08:43:34.282	2021-05-09 08:43:34.282	\N	384	\N
384	Boo Seung Kwan	2021-05-09 08:43:34.295	2021-05-09 08:43:34.295	\N	392	\N
391	Im Jun Hyuk	2021-05-09 08:43:34.307	2021-05-09 08:43:34.307	\N	400	\N
399	Jeong Hyeji	2021-05-09 08:43:34.32	2021-05-09 08:43:34.32	\N	408	\N
407	Jo Sojin	2021-05-09 08:43:34.333	2021-05-09 08:43:34.333	\N	415	\N
415	Park Jinwoo	2021-05-09 08:43:34.345	2021-05-09 08:43:34.345	\N	424	\N
422	Kim Hongjoong	2021-05-09 08:43:34.357	2021-05-09 08:43:34.357	\N	430	\N
430	Lee Si Myeong	2021-05-09 08:43:34.37	2021-05-09 08:43:34.37	\N	341	\N
438	Christine Park	2021-05-09 08:43:34.388	2021-05-09 08:43:34.388	\N	449	\N
446	Lee Yuna	2021-05-09 08:43:34.4	2021-05-09 08:43:34.4	\N	461	\N
454	Song Chaeyeon	2021-05-09 08:43:34.412	2021-05-09 08:43:34.412	\N	480	\N
462	Lee Haeri	2021-05-09 08:43:34.424	2021-05-09 08:43:34.424	\N	488	\N
469	Park Eunjo	2021-05-09 08:43:34.438	2021-05-09 08:43:34.438	\N	496	\N
476	Sika1	2021-05-09 08:43:34.451	2021-05-09 08:43:34.45	\N	503	\N
484	Im Minji	2021-05-09 08:43:34.463	2021-05-09 08:43:34.463	\N	511	\N
492	ZINNI1	2021-05-09 08:43:34.475	2021-05-09 08:43:34.475	\N	540	\N
500	Lee Yeso	2021-05-09 08:43:34.487	2021-05-09 08:43:34.487	\N	552	\N
508	Lee Yooyoung	2021-05-09 08:43:34.501	2021-05-09 08:43:34.501	\N	561	\N
525	Kim Kibum	2021-05-09 08:43:34.531	2021-05-09 08:43:34.531	\N	594	\N
545	Ahn Yein	2021-05-09 08:43:34.57	2021-05-09 08:43:34.57	\N	623	\N
553	Lee Hoseok	2021-05-09 08:43:34.584	2021-05-09 08:43:34.584	\N	631	\N
561	Im Hayoung	2021-05-09 08:43:34.596	2021-05-09 08:43:34.596	\N	639	\N
569	Johnny Suh	2021-05-09 08:43:34.608	2021-05-09 08:43:34.608	\N	645	\N
577	Wong Yukhei	2021-05-09 08:43:34.621	2021-05-09 08:43:34.621	\N	654	\N
585	Na Jaemin	2021-05-09 08:43:34.633	2021-05-09 08:43:34.633	\N	661	\N
588	Kim Youngjo	2021-05-09 08:43:34.644	2021-05-09 08:43:34.644	\N	665	\N
610	이나1	2021-05-09 08:43:34.678	2021-05-09 08:43:34.678	\N	690	\N
693	Park Kyung	2021-05-09 08:43:34.983	2021-05-09 08:43:34.984	\N	791	\N
698	Woo Ji Ho	2021-05-09 08:43:34.996	2021-05-09 08:43:34.996	\N	786	\N
705	Kunpimook Bhuwakul Bambam	2021-05-09 08:43:35.012	2021-05-09 08:43:35.012	\N	773	\N
711	Kim Da Ni	2021-05-09 08:43:35.218	2021-05-09 08:43:35.218	\N	798	\N
119	Yang Hye-sun	2021-05-09 08:43:33.902	2021-05-09 08:43:33.902	\N	56	\N
134	Kim Ye Rim	2021-05-09 08:43:33.923	2021-05-09 08:43:33.923	\N	64	\N
155	Jung Hye Rim	2021-05-09 08:43:33.941	2021-05-09 08:43:33.941	\N	183	\N
172	Park Ji Min	2021-05-09 08:43:33.972	2021-05-09 08:43:33.972	\N	271	\N
189	Heo Sol Ji	2021-05-09 08:43:33.988	2021-05-09 08:43:33.988	\N	50	\N
205	Kim Sohee	2021-05-09 08:43:34.006	2021-05-09 08:43:34.006	\N	265	\N
224	Lalisa Manoban	2021-05-09 08:43:34.024	2021-05-09 08:43:34.024	\N	62	\N
238	N/A..	2021-05-09 08:43:34.043	2021-05-09 08:43:34.043	\N	169	\N
245	Lee Soo Dam	2021-05-09 08:43:34.057	2021-05-09 08:43:34.057	\N	294	\N
253	Kim Tae Hyung	2021-05-09 08:43:34.068	2021-05-09 08:43:34.068	\N	301	\N
263	Park Bom	2021-05-09 08:43:34.085	2021-05-09 08:43:34.085	\N	311	\N
273	Han Ji hyo	2021-05-09 08:43:34.101	2021-05-09 08:43:34.101	\N	320	\N
281	Kyla Massie	2021-05-09 08:43:34.114	2021-05-09 08:43:34.114	\N	329	\N
295	Seo Ji Soo	2021-05-09 08:43:34.142	2021-05-09 08:43:34.142	\N	175	\N
302	Shin Yuna	2021-05-09 08:43:34.156	2021-05-09 08:43:34.156	\N	270	\N
310	Kim Yong Sun	2021-05-09 08:43:34.169	2021-05-09 08:43:34.169	\N	153	\N
319	Kong Xueer	2021-05-09 08:43:34.184	2021-05-09 08:43:34.184	\N	280	\N
326	Kim Tae-Ha	2021-05-09 08:43:34.197	2021-05-09 08:43:34.197	\N	290	\N
335	Lee Na-Eun	2021-05-09 08:43:34.213	2021-05-09 08:43:34.213	\N	142	\N
341	Moon Yu-jeong	2021-05-09 08:43:34.225	2021-05-09 08:43:34.225	\N	349	\N
354	Goo Sun Ha	2021-05-09 08:43:34.246	2021-05-09 08:43:34.246	\N	362	\N
361	Miyauchi Haruka	2021-05-09 08:43:34.258	2021-05-09 08:43:34.258	\N	369	\N
382	Lee Seok Min	2021-05-09 08:43:34.292	2021-05-09 08:43:34.292	\N	389	\N
393	Lee Hyangsuk	2021-05-09 08:43:34.311	2021-05-09 08:43:34.311	\N	401	\N
402	Baek Hyejin	2021-05-09 08:43:34.325	2021-05-09 08:43:34.325	\N	411	\N
410	Kim Byeongkwan	2021-05-09 08:43:34.338	2021-05-09 08:43:34.338	\N	418	\N
418	Moon Bin	2021-05-09 08:43:34.35	2021-05-09 08:43:34.35	\N	426	\N
426	Song Mingi	2021-05-09 08:43:34.364	2021-05-09 08:43:34.364	\N	434	\N
434	Kim Dayoung	2021-05-09 08:43:34.383	2021-05-09 08:43:34.383	\N	446	\N
442	Beom Gaon	2021-05-09 08:43:34.394	2021-05-09 08:43:34.394	\N	456	\N
450	Kang Hyejin	2021-05-09 08:43:34.406	2021-05-09 08:43:34.406	\N	478	\N
458	Bae Woohee	2021-05-09 08:43:34.418	2021-05-09 08:43:34.418	\N	485	\N
468	Park Sumin	2021-05-09 08:43:34.437	2021-05-09 08:43:34.437	\N	495	\N
480	Jeong Yoonhye	2021-05-09 08:43:34.456	2021-05-09 08:43:34.456	\N	507	\N
491	Bang Sunhee	2021-05-09 08:43:34.474	2021-05-09 08:43:34.474	\N	526	\N
498	Jeong Yena	2021-05-09 08:43:34.484	2021-05-09 08:43:34.484	\N	551	\N
506	Kwon Aeji	2021-05-09 08:43:34.499	2021-05-09 08:43:34.499	\N	559	\N
515	Lee Jian	2021-05-09 08:43:34.514	2021-05-09 08:43:34.514	\N	567	\N
522	Jeon Somin	2021-05-09 08:43:34.526	2021-05-09 08:43:34.526	\N	592	\N
531	Kim Gabin	2021-05-09 08:43:34.54	2021-05-09 08:43:34.54	\N	445	\N
534	Zhan Zhan	2021-05-09 08:43:34.55	2021-05-09 08:43:34.55	\N	602	\N
540	Shin Ye-Chan	2021-05-09 08:43:34.562	2021-05-09 08:43:34.562	\N	617	\N
548	Lu Yangyang	2021-05-09 08:43:34.575	2021-05-09 08:43:34.575	\N	624	\N
555	Yoo Kihyun 	2021-05-09 08:43:34.587	2021-05-09 08:43:34.587	\N	633	\N
563	Abe Haruno	2021-05-09 08:43:34.599	2021-05-09 08:43:34.599	\N	641	\N
573	Chittaphon Leechaiyapornkul	2021-05-09 08:43:34.614	2021-05-09 08:43:34.614	\N	650	\N
581	Wong Kunhang	2021-05-09 08:43:34.627	2021-05-09 08:43:34.627	\N	657	\N
591	Yeo Hwanwoong	2021-05-09 08:43:34.648	2021-05-09 08:43:34.648	\N	669	\N
604	Ma Eunjin	2021-05-09 08:43:34.669	2021-05-09 08:43:34.669	\N	681	\N
619	Lee Jaeyoon	2021-05-09 08:43:34.69	2021-05-09 08:43:34.69	\N	702	\N
627	Lee Taemin	2021-05-09 08:43:34.709	2021-05-09 08:43:34.709	\N	710	\N
632	Ji Sumin	2021-05-09 08:43:34.724	2021-05-09 08:43:34.724	\N	715	\N
640	Park Sihyun	2021-05-09 08:43:34.736	2021-05-09 08:43:34.736	\N	721	\N
647	Han Jisung	2021-05-09 08:43:34.748	2021-05-09 08:43:34.748	\N	730	\N
120	Jo Jin Ho	2021-05-09 08:43:33.911	2021-05-09 08:43:33.911	\N	232	\N
141	Rebecca Kim	2021-05-09 08:43:33.929	2021-05-09 08:43:33.929	\N	250	\N
156	Kim Chae-won	2021-05-09 08:43:33.944	2021-05-09 08:43:33.944	\N	141	\N
170	Lee Chaeryeong	2021-05-09 08:43:33.971	2021-05-09 08:43:33.971	\N	269	\N
188	Hwang Eun Bi	2021-05-09 08:43:33.987	2021-05-09 08:43:33.987	\N	137	\N
203	Kwon Chaewon	2021-05-09 08:43:34.004	2021-05-09 08:43:34.004	\N	208	\N
219	Jeon So Mi	2021-05-09 08:43:34.016	2021-05-09 08:43:34.016	\N	93	\N
235	Yoo Ji Ae	2021-05-09 08:43:34.038	2021-05-09 08:43:34.038	\N	174	\N
243	Kim Yujeong	2021-05-09 08:43:34.05	2021-05-09 08:43:34.05	\N	256	\N
249	Kim Seok Jin	2021-05-09 08:43:34.062	2021-05-09 08:43:34.062	\N	297	\N
258	Kim Jongdae	2021-05-09 08:43:34.076	2021-05-09 08:43:34.076	\N	306	\N
265	Gong Minji	2021-05-09 08:43:34.088	2021-05-09 08:43:34.088	\N	314	\N
284	Moon Chae Sol	2021-05-09 08:43:34.118	2021-05-09 08:43:34.118	\N	331	\N
292	Yoon Song Hee	2021-05-09 08:43:34.137	2021-05-09 08:43:34.138	\N	339	\N
305	Lee Ah-In	2021-05-09 08:43:34.16	2021-05-09 08:43:34.16	\N	286	\N
313	Ogawa Mizuki	2021-05-09 08:43:34.174	2021-05-09 08:43:34.174	\N	291	\N
325	Yang Yo Seob	2021-05-09 08:43:34.195	2021-05-09 08:43:34.195	\N	229	\N
333	Kim Ji Yeon	2021-05-09 08:43:34.209	2021-05-09 08:43:34.209	\N	180	\N
345	Choi Ha Neul	2021-05-09 08:43:34.232	2021-05-09 08:43:34.232	\N	354	\N
352	Kim Cho Hee	2021-05-09 08:43:34.243	2021-05-09 08:43:34.243	\N	360	\N
363	Lee Seo Young	2021-05-09 08:43:34.261	2021-05-09 08:43:34.261	\N	371	\N
371	Ryu Sa-jeo	2021-05-09 08:43:34.274	2021-05-09 08:43:34.274	\N	379	\N
379	Jeon Won Woo	2021-05-09 08:43:34.287	2021-05-09 08:43:34.287	\N	387	\N
387	Park Sung jin	2021-05-09 08:43:34.3	2021-05-09 08:43:34.3	\N	395	\N
396	Jung Daeun	2021-05-09 08:43:34.315	2021-05-09 08:43:34.314	\N	404	\N
413	Alexaundra Christine Schneiderman	2021-05-09 08:43:34.342	2021-05-09 08:43:34.342	\N	422	\N
420	Yoon Sanha	2021-05-09 08:43:34.354	2021-05-09 08:43:34.354	\N	428	\N
428	Choi Jongho	2021-05-09 08:43:34.367	2021-05-09 08:43:34.367	\N	436	\N
440	Kim Chaehyun	2021-05-09 08:43:34.391	2021-05-09 08:43:34.391	\N	454	\N
448	Kim Chaewon 	2021-05-09 08:43:34.403	2021-05-09 08:43:34.403	\N	476	\N
456	Park Miyeon	2021-05-09 08:43:34.415	2021-05-09 08:43:34.415	\N	483	\N
464	EJ1	2021-05-09 08:43:34.43	2021-05-09 08:43:34.429	\N	490	\N
472	RAMI NU1	2021-05-09 08:43:34.443	2021-05-09 08:43:34.443	\N	499	\N
479	Kim Via	2021-05-09 08:43:34.455	2021-05-09 08:43:34.455	\N	506	\N
487	Bae Yujin	2021-05-09 08:43:34.468	2021-05-09 08:43:34.468	\N	522	\N
499	Kim Bomin	2021-05-09 08:43:34.486	2021-05-09 08:43:34.486	\N	548	\N
509	Kwon Nara	2021-05-09 08:43:34.5	2021-05-09 08:43:34.5	\N	560	\N
520	Kim Jonghyun	2021-05-09 08:43:34.522	2021-05-09 08:43:34.522	\N	589	\N
528	Jung Yuji	2021-05-09 08:43:34.535	2021-05-09 08:43:34.535	\N	442	\N
535	Lee Hayi	2021-05-09 08:43:34.552	2021-05-09 08:43:34.552	\N	600	\N
541	Choi Sang-Yeop	2021-05-09 08:43:34.563	2021-05-09 08:43:34.563	\N	618	\N
549	Son Hyunmi	2021-05-09 08:43:34.577	2021-05-09 08:43:34.577	\N	627	\N
556	Lee Minhyuk	2021-05-09 08:43:34.588	2021-05-09 08:43:34.588	\N	632	\N
568	Lee Taeyong	2021-05-09 08:43:34.607	2021-05-09 08:43:34.607	\N	646	\N
580	Huang Renjun	2021-05-09 08:43:34.625	2021-05-09 08:43:34.626	\N	658	\N
592	Lee Keonhee	2021-05-09 08:43:34.65	2021-05-09 08:43:34.65	\N	668	\N
601	Lee Hayoung	2021-05-09 08:43:34.664	2021-05-09 08:43:34.664	\N	678	\N
612	Jun Hyoseong	2021-05-09 08:43:34.68	2021-05-09 08:43:34.68	\N	694	\N
121	Chu So Jung	2021-05-09 08:43:33.911	2021-05-09 08:43:33.911	\N	104	\N
137	Hwang Yeji	2021-05-09 08:43:33.925	2021-05-09 08:43:33.925	\N	71	\N
152	Jo Yu Ri	2021-05-09 08:43:33.94	2021-05-09 08:43:33.94	\N	41	\N
171	Lee Hye-Bin	2021-05-09 08:43:33.971	2021-05-09 08:43:33.971	\N	282	\N
187	Jessica Jung	2021-05-09 08:43:33.985	2021-05-09 08:43:33.985	\N	195	\N
206	Yeom Haein	2021-05-09 08:43:34.006	2021-05-09 08:43:34.006	\N	259	\N
225	Kwon Eun Bi	2021-05-09 08:43:34.024	2021-05-09 08:43:34.024	\N	39	\N
237	Kwon Eunbin	2021-05-09 08:43:34.041	2021-05-09 08:43:34.041	\N	203	\N
251	Jung Ho Seok	2021-05-09 08:43:34.065	2021-05-09 08:43:34.065	\N	299	\N
261	Kim Jongin	2021-05-09 08:43:34.08	2021-05-09 08:43:34.08	\N	309	\N
269	Shin Ji Yoon	2021-05-09 08:43:34.093	2021-05-09 08:43:34.093	\N	316	\N
277	Kang Yae-bin	2021-05-09 08:43:34.107	2021-05-09 08:43:34.107	\N	325	\N
286	Hwang Ji Won	2021-05-09 08:43:34.121	2021-05-09 08:43:34.121	\N	334	\N
291	Uhm Jung Woo	2021-05-09 08:43:34.136	2021-05-09 08:43:34.136	\N	340	\N
299	Jang Yee Eun	2021-05-09 08:43:34.151	2021-05-09 08:43:34.151	\N	201	\N
307	Bae Jinye	2021-05-09 08:43:34.164	2021-05-09 08:43:34.164	\N	258	\N
315	Jung Whee In	2021-05-09 08:43:34.177	2021-05-09 08:43:34.177	\N	155	\N
322	Lee Ga-hyeon	2021-05-09 08:43:34.19	2021-05-09 08:43:34.19	\N	163	\N
330	Han Dong	2021-05-09 08:43:34.205	2021-05-09 08:43:34.205	\N	160	\N
368	Shin Bo-ra	2021-05-09 08:43:34.268	2021-05-09 08:43:34.269	\N	375	\N
375	Yoon Jeong Han	2021-05-09 08:43:34.28	2021-05-09 08:43:34.28	\N	383	\N
397	Park Yurim	2021-05-09 08:43:34.316	2021-05-09 08:43:34.316	\N	405	\N
405	Park Kyungri	2021-05-09 08:43:34.33	2021-05-09 08:43:34.33	\N	413	\N
460	Park Subin	2021-05-09 08:43:34.421	2021-05-09 08:43:34.421	\N	487	\N
466	Kim Jihyeo	2021-05-09 08:43:34.433	2021-05-09 08:43:34.433	\N	492	\N
474	YULL1	2021-05-09 08:43:34.447	2021-05-09 08:43:34.447	\N	501	\N
482	Kim Doah	2021-05-09 08:43:34.46	2021-05-09 08:43:34.46	\N	509	\N
489	Lee Seheun	2021-05-09 08:43:34.471	2021-05-09 08:43:34.471	\N	524	\N
496	Kim Jiwon	2021-05-09 08:43:34.482	2021-05-09 08:43:34.482	\N	542	\N
507	Hong Sojin	2021-05-09 08:43:34.497	2021-05-09 08:43:34.497	\N	558	\N
550	Choi Heejae	2021-05-09 08:43:34.579	2021-05-09 08:43:34.579	\N	626	\N
557	Lee Jooheon	2021-05-09 08:43:34.59	2021-05-09 08:43:34.59	\N	635	\N
565	Kim Minjung	2021-05-09 08:43:34.602	2021-05-09 08:43:34.602	\N	643	\N
574	Dong Sicheng	2021-05-09 08:43:34.615	2021-05-09 08:43:34.615	\N	652	\N
582	Lee Jeno	2021-05-09 08:43:34.628	2021-05-09 08:43:34.628	\N	659	\N
590	Kim Gunhak	2021-05-09 08:43:34.646	2021-05-09 08:43:34.646	\N	667	\N
599	Son Dongmyeong	2021-05-09 08:43:34.661	2021-05-09 08:43:34.661	\N	675	\N
608	Ahn Yeonji	2021-05-09 08:43:34.675	2021-05-09 08:43:34.675	\N	685	\N
122	Kim Do Yeon	2021-05-09 08:43:33.914	2021-05-09 08:43:33.914	\N	89	\N
147	Kim Jung Ah	2021-05-09 08:43:33.933	2021-05-09 08:43:33.933	\N	247	\N
161	Goo Ha Ra	2021-05-09 08:43:33.956	2021-05-09 08:43:33.956	\N	255	\N
174	Park Haeyoon	2021-05-09 08:43:33.974	2021-05-09 08:43:33.974	\N	75	\N
192	Kiki Xu	2021-05-09 08:43:33.988	2021-05-09 08:43:33.988	\N	268	\N
208	Choi Yuju	2021-05-09 08:43:34.008	2021-05-09 08:43:34.008	\N	76	\N
221	Park Hee Sun	2021-05-09 08:43:34.023	2021-05-09 08:43:34.023	\N	129	\N
616	Song Jieun	2021-05-09 08:43:34.685	2021-05-09 08:43:34.685	\N	696	\N
628	Go Eunbi	2021-05-09 08:43:34.711	2021-05-09 08:43:34.711	\N	597	\N
631	Kang Jihyun	2021-05-09 08:43:34.723	2021-05-09 08:43:34.723	\N	713	\N
639	Kim Boah	2021-05-09 08:43:34.735	2021-05-09 08:43:34.735	\N	722	\N
648	Hwang Hyunjin	2021-05-09 08:43:34.75	2021-05-09 08:43:34.75	\N	729	\N
661	Cho Gyehyeon	2021-05-09 08:43:34.771	2021-05-09 08:43:34.771	\N	745	\N
669	Kim Wonsik	2021-05-09 08:43:34.783	2021-05-09 08:43:34.783	\N	752	\N
677	Choi Beom Gyu	2021-05-09 08:43:34.796	2021-05-09 08:43:34.796	\N	760	\N
685	Im Jae Beom	2021-05-09 08:43:34.81	2021-05-09 08:43:34.81	\N	768	\N
689	Yoon Bora	2021-05-09 08:43:34.874	2021-05-09 08:43:34.874	\N	711	\N
694	Kim Yoo Kwon	2021-05-09 08:43:34.985	2021-05-09 08:43:34.985	\N	790	\N
699	Cha Sun Woo	2021-05-09 08:43:34.998	2021-05-09 08:43:34.998	\N	779	\N
704	Kim Yu Gyeom	2021-05-09 08:43:35.01	2021-05-09 08:43:35.01	\N	774	\N
707	Ham Eun Jung	2021-05-09 08:43:35.21	2021-05-09 08:43:35.21	\N	794	\N
714	Lee Ah Reum	2021-05-09 08:43:35.223	2021-05-09 08:43:35.223	\N	802	\N
123	Jung Seong So	2021-05-09 08:43:33.913	2021-05-09 08:43:33.913	\N	69	\N
138	Lee Si-yeon	2021-05-09 08:43:33.928	2021-05-09 08:43:33.928	\N	159	\N
154	Lee Ki Kwang	2021-05-09 08:43:33.941	2021-05-09 08:43:33.941	\N	230	\N
169	Lu Jie	2021-05-09 08:43:33.968	2021-05-09 08:43:33.968	\N	281	\N
184	Jung Ye Rin	2021-05-09 08:43:33.984	2021-05-09 08:43:33.984	\N	138	\N
202	Im YoonA	2021-05-09 08:43:34.001	2021-05-09 08:43:34.001	\N	193	\N
220	Heo Jiwon	2021-05-09 08:43:34.016	2021-05-09 08:43:34.016	\N	78	\N
124	Choi Yu Na	2021-05-09 08:43:33.914	2021-05-09 08:43:33.914	\N	139	\N
139	Im Jin Ah	2021-05-09 08:43:33.929	2021-05-09 08:43:33.929	\N	241	\N
157	Park Soo Young	2021-05-09 08:43:33.946	2021-05-09 08:43:33.946	\N	245	\N
179	Xie Xue	2021-05-09 08:43:33.973	2021-05-09 08:43:33.973	\N	278	\N
198	Hwang Ja Jung	2021-05-09 08:43:33.997	2021-05-09 08:43:33.997	\N	83	\N
214	Choi Soo Young	2021-05-09 08:43:34.013	2021-05-09 08:43:34.013	\N	192	\N
230	Oh Seung Hee	2021-05-09 08:43:34.03	2021-05-09 08:43:34.03	\N	198	\N
239	Lee Ji Eun	2021-05-09 08:43:34.044	2021-05-09 08:43:34.044	\N	172	\N
246	Park Jin Hee	2021-05-09 08:43:34.058	2021-05-09 08:43:34.058	\N	293	\N
257	Zhang Yixing	2021-05-09 08:43:34.074	2021-05-09 08:43:34.074	\N	304	\N
264	Lee Chaerin	2021-05-09 08:43:34.086	2021-05-09 08:43:34.086	\N	313	\N
398	Son Yuji	2021-05-09 08:43:34.318	2021-05-09 08:43:34.318	\N	406	\N
406	Pyo Hyemi	2021-05-09 08:43:34.331	2021-05-09 08:43:34.331	\N	414	\N
414	Chan1	2021-05-09 08:43:34.343	2021-05-09 08:43:34.343	\N	421	\N
421	Park Seonghwa	2021-05-09 08:43:34.355	2021-05-09 08:43:34.355	\N	429	\N
429	Ahn Ji-young	2021-05-09 08:43:34.369	2021-05-09 08:43:34.369	\N	343	\N
439	Jung Hayoon	2021-05-09 08:43:34.389	2021-05-09 08:43:34.389	\N	453	\N
447	Hong Eunji	2021-05-09 08:43:34.401	2021-05-09 08:43:34.401	\N	460	\N
455	Cho Jayoung	2021-05-09 08:43:34.413	2021-05-09 08:43:34.413	\N	482	\N
463	Choi Euijeong	2021-05-09 08:43:34.426	2021-05-09 08:43:34.426	\N	491	\N
470	Yoo Habin	2021-05-09 08:43:34.439	2021-05-09 08:43:34.439	\N	497	\N
477	Lee Chaelin	2021-05-09 08:43:34.452	2021-05-09 08:43:34.452	\N	504	\N
485	Lee Yeji	2021-05-09 08:43:34.465	2021-05-09 08:43:34.465	\N	512	\N
493	Song Heejin	2021-05-09 08:43:34.477	2021-05-09 08:43:34.477	\N	541	\N
501	Kim Hyunji	2021-05-09 08:43:34.488	2021-05-09 08:43:34.488	\N	553	\N
512	Park Jeup	2021-05-09 08:43:34.507	2021-05-09 08:43:34.507	\N	565	\N
518	Kim Taehyung	2021-05-09 08:43:34.519	2021-05-09 08:43:34.519	\N	590	\N
526	Ashley Choi	2021-05-09 08:43:34.532	2021-05-09 08:43:34.532	\N	596	\N
542	Shin Gwang-Il	2021-05-09 08:43:34.565	2021-05-09 08:43:34.565	\N	620	\N
551	Moon Liyah	2021-05-09 08:43:34.581	2021-05-09 08:43:34.581	\N	629	\N
559	Yang Lan	2021-05-09 08:43:34.593	2021-05-09 08:43:34.593	\N	637	\N
567	Moon Taeil	2021-05-09 08:43:34.605	2021-05-09 08:43:34.605	\N	644	\N
575	Jung Yoono	2021-05-09 08:43:34.617	2021-05-09 08:43:34.617	\N	651	\N
583	Liu YangYang	2021-05-09 08:43:34.63	2021-05-09 08:43:34.63	\N	662	\N
589	Lee Seoho	2021-05-09 08:43:34.645	2021-05-09 08:43:34.645	\N	666	\N
598	Lee Giwook	2021-05-09 08:43:34.66	2021-05-09 08:43:34.66	\N	676	\N
607	Song Yeonjoo	2021-05-09 08:43:34.672	2021-05-09 08:43:34.672	\N	684	\N
622	Kim Seokwoo	2021-05-09 08:43:34.699	2021-05-09 08:43:34.699	\N	705	\N
637	Hong Euijin	2021-05-09 08:43:34.732	2021-05-09 08:43:34.732	\N	719	\N
645	Seo Changbin	2021-05-09 08:43:34.745	2021-05-09 08:43:34.745	\N	728	\N
656	Lee Hyunjoo	2021-05-09 08:43:34.763	2021-05-09 08:43:34.763	\N	740	\N
664	Yu Kangmin	2021-05-09 08:43:34.775	2021-05-09 08:43:34.775	\N	748	\N
672	Kim Jiae	2021-05-09 08:43:34.787	2021-05-09 08:43:34.787	\N	755	\N
680	Kwon Ji Yong	2021-05-09 08:43:34.801	2021-05-09 08:43:34.801	\N	763	\N
697	Lee Tae Il	2021-05-09 08:43:34.994	2021-05-09 08:43:34.994	\N	787	\N
710	Park In Jung	2021-05-09 08:43:35.216	2021-05-09 08:43:35.216	\N	797	\N
125	Jang Gyu-ri	2021-05-09 08:43:33.913	2021-05-09 08:43:33.913	\N	96	\N
140	Lee Hye Ri	2021-05-09 08:43:33.929	2021-05-09 08:43:33.929	\N	133	\N
159	Jeon Ji Yoon	2021-05-09 08:43:33.946	2021-05-09 08:43:33.946	\N	218	\N
176	Shin Hye Jeong	2021-05-09 08:43:33.973	2021-05-09 08:43:33.973	\N	148	\N
191	Kang Seul Gi	2021-05-09 08:43:33.988	2021-05-09 08:43:33.988	\N	61	\N
209	..N/A	2021-05-09 08:43:34.008	2021-05-09 08:43:34.008	\N	165	\N
226	Kim Min-ji	2021-05-09 08:43:34.023	2021-05-09 08:43:34.023	\N	157	\N
620	Kim Inseong	2021-05-09 08:43:34.692	2021-05-09 08:43:34.692	\N	700	\N
630	Choi Minho	2021-05-09 08:43:34.722	2021-05-09 08:43:34.722	\N	709	\N
643	Lee Minho	2021-05-09 08:43:34.741	2021-05-09 08:43:34.741	\N	727	\N
654	Kim Surin	2021-05-09 08:43:34.759	2021-05-09 08:43:34.759	\N	736	\N
683	Kang Daesung	2021-05-09 08:43:34.806	2021-05-09 08:43:34.806	\N	766	\N
126	Kim Kyungjoo	2021-05-09 08:43:33.913	2021-05-09 08:43:33.913	\N	82	\N
143	Yoo So Young	2021-05-09 08:43:33.931	2021-05-09 08:43:33.931	\N	249	\N
160	Kim Yoo-hyeon	2021-05-09 08:43:33.951	2021-05-09 08:43:33.951	\N	161	\N
175	Kim Seol Hyun	2021-05-09 08:43:33.973	2021-05-09 08:43:33.973	\N	149	\N
190	Yoon Doo Joon	2021-05-09 08:43:33.987	2021-05-09 08:43:33.987	\N	227	\N
212	Kim Chan Mi	2021-05-09 08:43:34.008	2021-05-09 08:43:34.008	\N	150	\N
229	Ahn Som Yi	2021-05-09 08:43:34.027	2021-05-09 08:43:34.027	\N	209	\N
617	Shu Kunimitsu	2021-05-09 08:43:34.687	2021-05-09 08:43:34.687	\N	699	\N
652	Yang Jeongin	2021-05-09 08:43:34.758	2021-05-09 08:43:34.758	\N	733	\N
662	Gong Minchan	2021-05-09 08:43:34.772	2021-05-09 08:43:34.772	\N	744	\N
670	Lee Hongbin	2021-05-09 08:43:34.784	2021-05-09 08:43:34.784	\N	753	\N
678	Kang Tae Hyun	2021-05-09 08:43:34.797	2021-05-09 08:43:34.797	\N	761	\N
686	Dong Yi Eun	2021-05-09 08:43:34.811	2021-05-09 08:43:34.811	\N	769	\N
713	Yang Ji Won	2021-05-09 08:43:35.221	2021-05-09 08:43:35.221	\N	800	\N
127	Lee Chae-young	2021-05-09 08:43:33.916	2021-05-09 08:43:33.916	\N	97	\N
142	Park Ji Young	2021-05-09 08:43:33.929	2021-05-09 08:43:33.929	\N	251	\N
158	Lee Chae Yeon	2021-05-09 08:43:33.947	2021-05-09 08:43:33.947	\N	42	\N
178	Yu Shuxin	2021-05-09 08:43:33.973	2021-05-09 08:43:33.973	\N	276	\N
194	Yang Ye-na	2021-05-09 08:43:33.988	2021-05-09 08:43:33.988	\N	145	\N
211	Lee Yu-bin	2021-05-09 08:43:34.008	2021-05-09 08:43:34.008	\N	162	\N
227	N/A....	2021-05-09 08:43:34.025	2021-05-09 08:43:34.025	\N	171	\N
621	Lee Sanghyuk	2021-05-09 08:43:34.695	2021-05-09 08:43:34.695	\N	703	\N
629	Lee Sojung	2021-05-09 08:43:34.714	2021-05-09 08:43:34.714	\N	598	\N
633	Kim Dasom	2021-05-09 08:43:34.725	2021-05-09 08:43:34.725	\N	714	\N
641	Park Narae	2021-05-09 08:43:34.738	2021-05-09 08:43:34.738	\N	723	\N
649	Kim Seungmin	2021-05-09 08:43:34.751	2021-05-09 08:43:34.751	\N	732	\N
658	Lee Suji	2021-05-09 08:43:34.766	2021-05-09 08:43:34.766	\N	741	\N
666	Cha Hakyeon	2021-05-09 08:43:34.779	2021-05-09 08:43:34.779	\N	749	\N
674	Kim Woojoo	2021-05-09 08:43:34.791	2021-05-09 08:43:34.791	\N	757	\N
682	Dong Yong Bae	2021-05-09 08:43:34.805	2021-05-09 08:43:34.805	\N	765	\N
690	Kim Hyojung	2021-05-09 08:43:34.875	2021-05-09 08:43:34.875	\N	712	\N
691	Pyo Ji Hoon	2021-05-09 08:43:34.981	2021-05-09 08:43:34.981	\N	792	\N
703	Shin Dong Woo	2021-05-09 08:43:35.007	2021-05-09 08:43:35.007	\N	775	\N
715	Ryu Hwa-young	2021-05-09 08:43:35.225	2021-05-09 08:43:35.225	\N	801	\N
128	Kato Kokoro	2021-05-09 08:43:33.916	2021-05-09 08:43:33.916	\N	74	\N
144	Kim Chae Won	2021-05-09 08:43:33.931	2021-05-09 08:43:33.931	\N	43	\N
164	Oh Ha Young	2021-05-09 08:43:33.957	2021-05-09 08:43:33.957	\N	186	\N
181	Seo Yu Na	2021-05-09 08:43:33.979	2021-05-09 08:43:33.979	\N	147	\N
199	Park Sun Young	2021-05-09 08:43:33.997	2021-05-09 08:43:33.997	\N	212	\N
216	Takahashi Juri	2021-05-09 08:43:34.016	2021-05-09 08:43:34.016	\N	266	\N
236	Kim Suyun	2021-05-09 08:43:34.04	2021-05-09 08:43:34.04	\N	264	\N
244	Anak Agung Ayu Puspa Aditya Karang	2021-05-09 08:43:34.055	2021-05-09 08:43:34.055	\N	292	\N
254	Jeon Jeong Guk	2021-05-09 08:43:34.069	2021-05-09 08:43:34.069	\N	302	\N
268	Lee Soo Jin	2021-05-09 08:43:34.092	2021-05-09 08:43:34.092	\N	315	\N
276	Jung Eun-woo	2021-05-09 08:43:34.106	2021-05-09 08:43:34.106	\N	324	\N
285	Kim Ha Eun	2021-05-09 08:43:34.119	2021-05-09 08:43:34.119	\N	333	\N
289	Goo Se Mi	2021-05-09 08:43:34.134	2021-05-09 08:43:34.134	\N	337	\N
297	Shin Ji Min	2021-05-09 08:43:34.146	2021-05-09 08:43:34.146	\N	146	\N
304	Lee Jin-sol	2021-05-09 08:43:34.159	2021-05-09 08:43:34.159	\N	143	\N
312	Chen Yaxin	2021-05-09 08:43:34.172	2021-05-09 08:43:34.172	\N	279	\N
320	Kwon Min A	2021-05-09 08:43:34.186	2021-05-09 08:43:34.186	\N	152	\N
327	Ryu Soo Jung	2021-05-09 08:43:34.199	2021-05-09 08:43:34.199	\N	178	\N
338	Kim Yeonhee	2021-05-09 08:43:34.218	2021-05-09 08:43:34.218	\N	263	\N
344	Jeong Yi-ra	2021-05-09 08:43:34.23	2021-05-09 08:43:34.23	\N	352	\N
351	Son Min Ji	2021-05-09 08:43:34.241	2021-05-09 08:43:34.241	\N	357	\N
359	Park Min Yi	2021-05-09 08:43:34.255	2021-05-09 08:43:34.255	\N	366	\N
367	Jung Mi-mi	2021-05-09 08:43:34.267	2021-05-09 08:43:34.267	\N	376	\N
374	Choi Seung Cheol	2021-05-09 08:43:34.279	2021-05-09 08:43:34.279	\N	382	\N
383	Seo Myung Ho	2021-05-09 08:43:34.294	2021-05-09 08:43:34.294	\N	391	\N
390	Kim Won Pil	2021-05-09 08:43:34.306	2021-05-09 08:43:34.306	\N	398	\N
400	Yoon Haeun	2021-05-09 08:43:34.322	2021-05-09 08:43:34.322	\N	407	\N
408	Lee Donghun	2021-05-09 08:43:34.334	2021-05-09 08:43:34.334	\N	417	\N
416	Kim Myungjun	2021-05-09 08:43:34.347	2021-05-09 08:43:34.347	\N	423	\N
424	Kang Yeosang	2021-05-09 08:43:34.36	2021-05-09 08:43:34.36	\N	432	\N
432	Woo Ji-Yoon	2021-05-09 08:43:34.373	2021-05-09 08:43:34.373	\N	344	\N
435	Park Giru	2021-05-09 08:43:34.384	2021-05-09 08:43:34.384	\N	447	\N
443	Kong Yoojin	2021-05-09 08:43:34.395	2021-05-09 08:43:34.395	\N	457	\N
451	Lee Yerin	2021-05-09 08:43:34.407	2021-05-09 08:43:34.407	\N	477	\N
459	Cho Kaeun	2021-05-09 08:43:34.42	2021-05-09 08:43:34.42	\N	486	\N
465	Moon Shinae	2021-05-09 08:43:34.431	2021-05-09 08:43:34.431	\N	493	\N
502	Lee Seungmin	2021-05-09 08:43:34.49	2021-05-09 08:43:34.49	\N	556	\N
611	Jung Hana	2021-05-09 08:43:34.681	2021-05-09 08:43:34.681	\N	695	\N
623	Baek Juho	2021-05-09 08:43:34.702	2021-05-09 08:43:34.702	\N	704	\N
638	Choi Yoonsun	2021-05-09 08:43:34.733	2021-05-09 08:43:34.733	\N	720	\N
651	Im Changsook	2021-05-09 08:43:34.753	2021-05-09 08:43:34.753	\N	734	\N
660	Lee Dongheon	2021-05-09 08:43:34.769	2021-05-09 08:43:34.769	\N	742	\N
668	Lee Jaehwan	2021-05-09 08:43:34.782	2021-05-09 08:43:34.782	\N	751	\N
676	Choi Yeon Jun	2021-05-09 08:43:34.794	2021-05-09 08:43:34.794	\N	759	\N
684	Lee Seung Hyun	2021-05-09 08:43:34.808	2021-05-09 08:43:34.808	\N	767	\N
129	Lee Seo-yeon	2021-05-09 08:43:33.918	2021-05-09 08:43:33.918	\N	101	\N
149	Park Ji-won	2021-05-09 08:43:33.934	2021-05-09 08:43:33.934	\N	98	\N
167	Park Gyu Ri	2021-05-09 08:43:33.963	2021-05-09 08:43:33.963	\N	252	\N
185	Yoon Chae-kyung	2021-05-09 08:43:33.983	2021-05-09 08:43:33.983	\N	140	\N
204	Kwon Yu Ri	2021-05-09 08:43:34.004	2021-05-09 08:43:34.004	\N	191	\N
223	Kim Hyo Yeon	2021-05-09 08:43:34.024	2021-05-09 08:43:34.024	\N	190	\N
614	Kim Yoojin	2021-05-09 08:43:34.683	2021-05-09 08:43:34.683	\N	698	\N
657	Shin Yoonjo	2021-05-09 08:43:34.765	2021-05-09 08:43:34.765	\N	738	\N
665	Kim Yongseung	2021-05-09 08:43:34.777	2021-05-09 08:43:34.777	\N	747	\N
673	Bang Sujin	2021-05-09 08:43:34.789	2021-05-09 08:43:34.789	\N	756	\N
681	Choi Seung-hyun	2021-05-09 08:43:34.803	2021-05-09 08:43:34.803	\N	764	\N
130	Shin Ryujin	2021-05-09 08:43:33.918	2021-05-09 08:43:33.918	\N	73	\N
145	Hirokawa Mao	2021-05-09 08:43:33.933	2021-05-09 08:43:33.933	\N	81	\N
163	Han Seung Yeon	2021-05-09 08:43:33.953	2021-05-09 08:43:33.954	\N	253	\N
180	Lee Soo Jung	2021-05-09 08:43:33.977	2021-05-09 08:43:33.977	\N	173	\N
196	Kim Hyung Seo	2021-05-09 08:43:33.99	2021-05-09 08:43:33.99	\N	196	\N
213	Lee Yu-kyung	2021-05-09 08:43:34.01	2021-05-09 08:43:34.01	\N	59	\N
231	Kim Ye Won	2021-05-09 08:43:34.03	2021-05-09 08:43:34.03	\N	135	\N
252	Kim Nam Joon	2021-05-09 08:43:34.066	2021-05-09 08:43:34.066	\N	300	\N
510	Mikami Yua	2021-05-09 08:43:34.503	2021-05-09 08:43:34.503	\N	563	\N
516	Na Ungjae	2021-05-09 08:43:34.515	2021-05-09 08:43:34.515	\N	569	\N
523	Jeon Jiwoo	2021-05-09 08:43:34.527	2021-05-09 08:43:34.527	\N	593	\N
530	Na Haeryeong	2021-05-09 08:43:34.538	2021-05-09 08:43:34.538	\N	444	\N
533	Jang Moonbok	2021-05-09 08:43:34.55	2021-05-09 08:43:34.55	\N	601	\N
539	Cai Xiao Xin	2021-05-09 08:43:34.56	2021-05-09 08:43:34.56	\N	606	\N
546	Na Yoomin	2021-05-09 08:43:34.572	2021-05-09 08:43:34.572	\N	622	\N
558	Chae Hyungwon	2021-05-09 08:43:34.592	2021-05-09 08:43:34.592	\N	634	\N
566	Yu Hyejun	2021-05-09 08:43:34.603	2021-05-09 08:43:34.603	\N	642	\N
576	Kim Jungwoo	2021-05-09 08:43:34.619	2021-05-09 08:43:34.619	\N	653	\N
584	Lee Donghyuck	2021-05-09 08:43:34.631	2021-05-09 08:43:34.631	\N	660	\N
587	Park Jisung	2021-05-09 08:43:34.643	2021-05-09 08:43:34.643	\N	664	\N
597	Jin Yonghoon	2021-05-09 08:43:34.658	2021-05-09 08:43:34.658	\N	673	\N
605	Kang Ahyoung	2021-05-09 08:43:34.671	2021-05-09 08:43:34.671	\N	682	\N
618	Kim Youngbin	2021-05-09 08:43:34.688	2021-05-09 08:43:34.688	\N	701	\N
626	Kang Chanhee	2021-05-09 08:43:34.707	2021-05-09 08:43:34.707	\N	708	\N
634	Seong Minjae	2021-05-09 08:43:34.727	2021-05-09 08:43:34.727	\N	716	\N
642	Kim Bohyung	2021-05-09 08:43:34.739	2021-05-09 08:43:34.739	\N	724	\N
650	Felix Lee	2021-05-09 08:43:34.752	2021-05-09 08:43:34.752	\N	731	\N
659	Bae Hoyoung	2021-05-09 08:43:34.768	2021-05-09 08:43:34.768	\N	743	\N
667	Jeong Taekwoon	2021-05-09 08:43:34.78	2021-05-09 08:43:34.78	\N	750	\N
675	Choi Soo Bin	2021-05-09 08:43:34.792	2021-05-09 08:43:34.792	\N	758	\N
687	Jackson Wang	2021-05-09 08:43:34.813	2021-05-09 08:43:34.813	\N	770	\N
131	Adachi Yuto	2021-05-09 08:43:33.918	2021-05-09 08:43:33.918	\N	237	\N
146	Choi Jisu	2021-05-09 08:43:33.933	2021-05-09 08:43:33.933	\N	72	\N
162	Ahn Hyo Jin	2021-05-09 08:43:33.954	2021-05-09 08:43:33.954	\N	51	\N
173	Park Jung Hwa	2021-05-09 08:43:33.973	2021-05-09 08:43:33.973	\N	53	\N
195	Park Cho Ah	2021-05-09 08:43:33.988	2021-05-09 08:43:33.988	\N	151	\N
210	Moon Byul Yi	2021-05-09 08:43:34.009	2021-05-09 08:43:34.009	\N	154	\N
228	Chang Seung Yeon	2021-05-09 08:43:34.027	2021-05-09 08:43:34.027	\N	197	\N
260	Do Kyungsoo	2021-05-09 08:43:34.079	2021-05-09 08:43:34.079	\N	308	\N
271	Lee Jae hee	2021-05-09 08:43:34.096	2021-05-09 08:43:34.096	\N	319	\N
280	Park Jung-hyeon	2021-05-09 08:43:34.112	2021-05-09 08:43:34.112	\N	328	\N
314	Yoo Jung-Ahn	2021-05-09 08:43:34.175	2021-05-09 08:43:34.175	\N	288	\N
321	Park Cho Rong	2021-05-09 08:43:34.188	2021-05-09 08:43:34.188	\N	181	\N
328	Kim Yulhee	2021-05-09 08:43:34.201	2021-05-09 08:43:34.201	\N	261	\N
336	Heo Young Ji	2021-05-09 08:43:34.214	2021-05-09 08:43:34.214	\N	254	\N
342	Yoo Joo	2021-05-09 08:43:34.227	2021-05-09 08:43:34.227	\N	350	\N
349	Park Min Seo	2021-05-09 08:43:34.238	2021-05-09 08:43:34.238	\N	358	\N
357	Lee Ji Min	2021-05-09 08:43:34.251	2021-05-09 08:43:34.251	\N	365	\N
365	Wang Jung Eui	2021-05-09 08:43:34.264	2021-05-09 08:43:34.264	\N	373	\N
373	Cho Hye-yeon	2021-05-09 08:43:34.277	2021-05-09 08:43:34.277	\N	381	\N
381	Kim Min Gyu	2021-05-09 08:43:34.29	2021-05-09 08:43:34.29	\N	390	\N
389	Kang Young Hyun	2021-05-09 08:43:34.304	2021-05-09 08:43:34.304	\N	397	\N
511	Sakura Moko	2021-05-09 08:43:34.502	2021-05-09 08:43:34.502	\N	562	\N
517	Lee Sang	2021-05-09 08:43:34.517	2021-05-09 08:43:34.517	\N	568	\N
524	Kwon Rise	2021-05-09 08:43:34.529	2021-05-09 08:43:34.529	\N	595	\N
532	Kim Joomi	2021-05-09 08:43:34.549	2021-05-09 08:43:34.549	\N	599	\N
538	Yun Heeseok	2021-05-09 08:43:34.559	2021-05-09 08:43:34.559	\N	605	\N
547	Kang Gayoung	2021-05-09 08:43:34.573	2021-05-09 08:43:34.573	\N	625	\N
554	Son Hyunwoo	2021-05-09 08:43:34.586	2021-05-09 08:43:34.586	\N	630	\N
562	Kim Saerok	2021-05-09 08:43:34.597	2021-05-09 08:43:34.597	\N	638	\N
571	Qian Kun	2021-05-09 08:43:34.611	2021-05-09 08:43:34.611	\N	648	\N
579	Xiao Dejun	2021-05-09 08:43:34.624	2021-05-09 08:43:34.624	\N	656	\N
593	Son Dongju	2021-05-09 08:43:34.652	2021-05-09 08:43:34.652	\N	670	\N
600	Lee Yunji	2021-05-09 08:43:34.663	2021-05-09 08:43:34.663	\N	677	\N
609	Alexandra1	2021-05-09 08:43:34.677	2021-05-09 08:43:34.677	\N	689	\N
696	Lee Min Hyuk	2021-05-09 08:43:34.99	2021-05-09 08:43:34.99	\N	788	\N
702	Gong Chan Shik	2021-05-09 08:43:35.004	2021-05-09 08:43:35.004	\N	777	\N
709	Jeon Bo Ram	2021-05-09 08:43:35.215	2021-05-09 08:43:35.215	\N	796	\N
116	Oh Hye Rin	2021-05-09 08:43:33.898	2021-05-09 08:43:33.898	\N	242	\N
132	Kim Bo Ra	2021-05-09 08:43:33.919	2021-05-09 08:43:33.919	\N	158	\N
148	Kim Jennie	2021-05-09 08:43:33.935	2021-05-09 08:43:33.935	\N	66	\N
165	Jung Dahyun	2021-05-09 08:43:33.959	2021-05-09 08:43:33.959	\N	267	\N
182	N/A...	2021-05-09 08:43:33.979	2021-05-09 08:43:33.979	\N	170	\N
200	Yan An	2021-05-09 08:43:33.996	2021-05-09 08:43:33.996	\N	236	\N
218	Kim Soeun	2021-05-09 08:43:34.016	2021-05-09 08:43:34.016	\N	200	\N
234	Hwang Mi Young	2021-05-09 08:43:34.035	2021-05-09 08:43:34.035	\N	189	\N
242	Ahn Solbin	2021-05-09 08:43:34.049	2021-05-09 08:43:34.049	\N	260	\N
248	Kim Minseok	2021-05-09 08:43:34.061	2021-05-09 08:43:34.061	\N	296	\N
259	Park Chanyeol	2021-05-09 08:43:34.077	2021-05-09 08:43:34.077	\N	307	\N
267	Kim Ji Min	2021-05-09 08:43:34.091	2021-05-09 08:43:34.091	\N	317	\N
275	Kang Gyeong-won	2021-05-09 08:43:34.105	2021-05-09 08:43:34.105	\N	323	\N
283	Kim Ba Da	2021-05-09 08:43:34.117	2021-05-09 08:43:34.116	\N	330	\N
293	Shim Seung Eun	2021-05-09 08:43:34.139	2021-05-09 08:43:34.139	\N	342	\N
300	Choi Yu Jin	2021-05-09 08:43:34.153	2021-05-09 08:43:34.153	\N	199	\N
308	Sung Na-yeon	2021-05-09 08:43:34.166	2021-05-09 08:43:34.166	\N	144	\N
334	Seo Joo Hyun	2021-05-09 08:43:34.211	2021-05-09 08:43:34.211	\N	194	\N
340	Kang Se-hyung	2021-05-09 08:43:34.224	2021-05-09 08:43:34.224	\N	348	\N
348	Im Ji Yeon	2021-05-09 08:43:34.236	2021-05-09 08:43:34.236	\N	356	\N
356	Jung Ye Rim	2021-05-09 08:43:34.25	2021-05-09 08:43:34.25	\N	364	\N
364	Kang Min Ju	2021-05-09 08:43:34.262	2021-05-09 08:43:34.262	\N	372	\N
372	Jang So-jin	2021-05-09 08:43:34.276	2021-05-09 08:43:34.276	\N	380	\N
380	Lee Ji Hoon	2021-05-09 08:43:34.288	2021-05-09 08:43:34.289	\N	388	\N
388	Park Jae Hyung	2021-05-09 08:43:34.302	2021-05-09 08:43:34.302	\N	396	\N
395	Lee Dasom	2021-05-09 08:43:34.313	2021-05-09 08:43:34.313	\N	403	\N
404	Son Sungah	2021-05-09 08:43:34.328	2021-05-09 08:43:34.328	\N	412	\N
411	1-Jun	2021-05-09 08:43:34.339	2021-05-09 08:43:34.339	\N	419	\N
423	Jeong Yunho	2021-05-09 08:43:34.359	2021-05-09 08:43:34.359	\N	431	\N
431	Shin Ji-won	2021-05-09 08:43:34.372	2021-05-09 08:43:34.372	\N	345	\N
437	Choi Moonhee	2021-05-09 08:43:34.387	2021-05-09 08:43:34.387	\N	452	\N
445	Kim Minyeong	2021-05-09 08:43:34.398	2021-05-09 08:43:34.398	\N	458	\N
453	Kang Eunhye	2021-05-09 08:43:34.41	2021-05-09 08:43:34.41	\N	481	\N
473	Say1	2021-05-09 08:43:34.445	2021-05-09 08:43:34.445	\N	500	\N
481	Lee Nayeon	2021-05-09 08:43:34.458	2021-05-09 08:43:34.458	\N	508	\N
488	Kim Jikang	2021-05-09 08:43:34.469	2021-05-09 08:43:34.469	\N	523	\N
495	Kim Chaeyoung	2021-05-09 08:43:34.48	2021-05-09 08:43:34.48	\N	543	\N
504	Kim Dajeong	2021-05-09 08:43:34.493	2021-05-09 08:43:34.493	\N	555	\N
513	Matsuda Miko	2021-05-09 08:43:34.509	2021-05-09 08:43:34.509	\N	564	\N
519	Jessica Hyunju Ho	2021-05-09 08:43:34.521	2021-05-09 08:43:34.521	\N	588	\N
527	Kang Hyeyeon	2021-05-09 08:43:34.533	2021-05-09 08:43:34.533	\N	441	\N
537	Seong Hyunwoo	2021-05-09 08:43:34.557	2021-05-09 08:43:34.557	\N	604	\N
544	Jung Jieun	2021-05-09 08:43:34.568	2021-05-09 08:43:34.568	\N	621	\N
564	Choi Yoobin	2021-05-09 08:43:34.6	2021-05-09 08:43:34.6	\N	640	\N
572	Kim Dongyoung	2021-05-09 08:43:34.612	2021-05-09 08:43:34.612	\N	649	\N
594	Jun Harin	2021-05-09 08:43:34.653	2021-05-09 08:43:34.653	\N	672	\N
602	Seo Yoojin	2021-05-09 08:43:34.666	2021-05-09 08:43:34.666	\N	679	\N
613	Serena	2021-05-09 08:43:34.682	2021-05-09 08:43:34.682	\N	691	\N
625	Yoo Taeyang	2021-05-09 08:43:34.705	2021-05-09 08:43:34.705	\N	706	\N
635	Cho Eunae	2021-05-09 08:43:34.728	2021-05-09 08:43:34.728	\N	717	\N
646	Christopher Bang	2021-05-09 08:43:34.746	2021-05-09 08:43:34.746	\N	726	\N
655	Joo Eunyoung	2021-05-09 08:43:34.762	2021-05-09 08:43:34.762	\N	737	\N
663	Ju Yeonho	2021-05-09 08:43:34.774	2021-05-09 08:43:34.774	\N	746	\N
671	Kim Nari	2021-05-09 08:43:34.786	2021-05-09 08:43:34.786	\N	754	\N
679	Jung Kai	2021-05-09 08:43:34.799	2021-05-09 08:43:34.799	\N	762	\N
695	Ahn Jae Hyo	2021-05-09 08:43:34.988	2021-05-09 08:43:34.988	\N	789	\N
700	Jung Jin Young	2021-05-09 08:43:35	2021-05-09 08:43:35	\N	778	\N
706	Choi Young Jae	2021-05-09 08:43:35.014	2021-05-09 08:43:35.014	\N	772	\N
712	Lee Ji Ae	2021-05-09 08:43:35.219	2021-05-09 08:43:35.219	\N	799	\N
\.


--
-- Data for Name: appearances; Type: TABLE DATA; Schema: public; Owner: postgres
--

COPY public.appearances (id, person_id, added_by_id, created_at, updated_at, image_id) FROM stdin;
1	226	2	2021-05-15 22:55:13.587	2021-05-15 22:55:13.587	2
2	330	2	2021-05-15 23:03:46.364	2021-05-15 23:03:46.364	3
3	138	2	2021-05-16 06:10:31.383	2021-05-16 06:10:31.383	3
4	226	2	2021-05-16 06:11:14.224	2021-05-16 06:11:14.224	5
5	322	2	2021-05-16 06:11:23.253	2021-05-16 06:11:23.253	5
6	138	2	2021-05-16 06:11:27.504	2021-05-16 06:11:27.504	5
7	138	2	2021-05-16 06:13:14.511	2021-05-16 06:13:14.511	6
8	160	2	2021-05-16 06:13:19.947	2021-05-16 06:13:19.947	6
9	160	2	2021-05-16 07:46:57.927	2021-05-16 07:46:57.927	5
10	160	2	2021-05-16 08:07:21.821	2021-05-16 08:07:21.821	4
11	330	2	2021-05-16 08:07:25.076	2021-05-16 08:07:25.076	4
12	132	2	2021-05-16 13:32:01.607	2021-05-16 13:32:01.607	3
13	226	2	2021-05-16 13:44:19.192	2021-05-16 13:44:19.192	1
\.


--
-- Data for Name: faces; Type: TABLE DATA; Schema: public; Owner: postgres
--

COPY public.faces (id, x, y, height, width, descriptor, created_at, updated_at, score, appearance_id, added_by_id, person_id, image_id, source) FROM stdin;
12	736.4039611816406	143.92812958211144	409.6072557734604	264.7346878051758	(-0.10672314465045929, 0.12902148067951202, 0.0899868756532669, -0.10522936284542084, -0.11956167966127396, -0.047130733728408813, -0.10016532987356186, -0.049414828419685364, 0.18708795309066772, -0.12779851257801056, 0.20905473828315735, -0.09110268950462341, -0.15749840438365936, -0.01752953976392746, -0.04770735278725624, 0.26359570026397705, -0.25989824533462524, -0.07890641689300537, 0.00777837261557579, 0.0361802875995636, 0.1406935155391693, 0.026869069784879684, 0.0063692498952150345, 0.05009962245821953, -0.12469348311424255, -0.3482612669467926, -0.0613354854285717, -0.05967511981725693, -0.06917858123779297, -0.11238321661949158, -0.03251616656780243, 0.036089859902858734, -0.13397832214832306, -0.033658161759376526, 0.010861115530133247, 0.13946875929832458, -0.007045317441225052, -0.11853577941656113, 0.15454557538032532, -0.0037323348224163055, -0.28740742802619934, 0.05021047592163086, 0.10116569697856903, 0.22651216387748718, 0.19489631056785583, 0.006397537887096405, 0.01607571542263031, -0.16884557902812958, 0.14198924601078033, -0.1741112619638443, 0.0034344233572483063, 0.09973961859941483, 0.035624872893095016, 0.08511198312044144, 0.020032010972499847, -0.14285269379615784, 0.07033422589302063, 0.13826191425323486, -0.18159720301628113, -0.04079904779791832, 0.11475353688001633, -0.03326369822025299, 0.07627822458744049, -0.07072309404611588, 0.23146626353263855, 0.11504904925823212, -0.09085127711296082, -0.21303260326385498, 0.10872040688991547, -0.1107347309589386, -0.11834092438220978, 0.06200496107339859, -0.1575722098350525, -0.20026442408561707, -0.29295727610588074, -0.05048634111881256, 0.34825804829597473, 0.11247365176677704, -0.19038401544094086, 0.029418114572763443, -0.042980242520570755, -0.0655844584107399, 0.12521082162857056, 0.21450726687908173, 0.07373953610658646, 0.022611722350120544, -0.0739927813410759, -0.004186101257801056, 0.25919994711875916, -0.06806870549917221, 0.0015210211277008057, 0.211044043302536, 0.047141775488853455, 0.0291766170412302, -0.02935265377163887, -0.020460665225982666, -0.12496138364076614, 0.11816492676734924, -0.17366936802864075, -0.04886136204004288, -0.07390011847019196, 0.0006387755274772644, -0.037640057504177094, 0.15176978707313538, -0.20821607112884521, 0.15774007141590118, 0.021439358592033386, -0.014007948338985443, -0.048515524715185165, 0.026987560093402863, -0.05473069101572037, -0.03723864257335663, 0.1393885761499405, -0.17547182738780975, 0.17268553376197815, 0.19523997604846954, 0.11609216034412384, 0.13672217726707458, 0.0987597405910492, 0.11175350099802017, 0.017801765352487564, -0.007607467472553253, -0.22317829728126526, 0.05985651910305023, 0.057551026344299316, -0.0338096022605896, 0.09599264711141586, 0.038093820214271545)	2021-05-15 22:05:41.098	2021-05-15 22:55:15.241	0.9963514804840088	1	1	\N	2	Scan
19	1284.4013671875	220.41732046944756	562.3477385681946	405.760986328125	(-0.06299886852502823, 0.058426156640052795, 0.1268492490053177, -0.1367436796426773, -0.14895623922348022, 0.023756271228194237, -0.16205725073814392, -0.06829895824193954, 0.10430493950843811, -0.2031116485595703, 0.1716705709695816, -0.03775990009307861, -0.16330614686012268, 0.046179696917533875, -0.04858579486608505, 0.19327250123023987, -0.17221035063266754, -0.2338264435529709, -0.045980896800756454, 0.010953495278954506, -0.033998481929302216, 0.0460725873708725, -0.11599549651145935, 0.0420084074139595, -0.11835423111915588, -0.30561840534210205, -0.05159088224172592, 0.000614512711763382, -0.07994135469198227, -0.0528949499130249, -0.05640200525522232, 0.08777540922164917, -0.20057962834835052, 0.06667768955230713, 0.03729170560836792, 0.14029020071029663, -0.002166924998164177, -0.10689613223075867, 0.11332791298627853, 0.031341638416051865, -0.3260385990142822, 0.022586463019251823, 0.12711036205291748, 0.19380588829517365, 0.24870188534259796, -0.019819511100649834, -0.019942615181207657, -0.06929473578929901, 0.09220458567142487, -0.2620500326156616, 0.06641754508018494, 0.20904728770256042, 0.092413991689682, 0.09662283211946487, 0.011485893279314041, -0.15400785207748413, 0.039532750844955444, 0.06720663607120514, -0.1312786042690277, -0.028509829193353653, 0.13692191243171692, -0.0588974803686142, 0.0065010543912649155, -0.13480402529239655, 0.19486021995544434, 0.18296481668949127, -0.0999143049120903, -0.26069188117980957, 0.16801860928535461, -0.1996888816356659, -0.16649684309959412, 0.04629187285900116, -0.16843360662460327, -0.1611577570438385, -0.3030031621456146, 0.011303998529911041, 0.29685357213020325, 0.2287408411502838, -0.13555468618869781, 0.09776658564805984, 0.025139430537819862, -0.007690161466598511, 0.03163556754589081, 0.15499699115753174, -0.0036271102726459503, 0.04149597883224487, 0.012334605678915977, 0.0339774414896965, 0.262102335691452, 0.04814591631293297, -0.023947756737470627, 0.15621893107891083, -0.034182652831077576, -0.04089733213186264, 0.02819659374654293, 0.024891458451747894, -0.013305173255503178, 0.008600100874900818, -0.18016518652439117, 0.01574036106467247, -0.08812321722507477, 0.009577056393027306, -0.0032569803297519684, 0.2065054178237915, -0.1574527621269226, 0.16135349869728088, -0.08264467865228653, -0.004875686019659042, -0.020902473479509354, 0.08249731361865997, -0.041016049683094025, -0.05405610427260399, 0.12579162418842316, -0.17217202484607697, 0.15925170481204987, 0.12901580333709717, 0.10008533298969269, 0.07837735116481781, 0.1402972787618637, 0.13044971227645874, 0.007743448950350285, -0.032409876585006714, -0.21977925300598145, -0.08482882380485535, 0.02276906743645668, -0.06678488850593567, 0.09276460111141205, 0.08447976410388947)	2021-05-15 22:51:35.151	2021-05-16 06:10:32.58	0.9713788032531738	3	1	\N	3	Scan
20	244.57752990722656	352.969438310103	455.840853326971	354.59483337402344	(-0.03726112097501755, 0.09353050589561462, 0.07853240519762039, -0.09343764185905457, -0.12877888977527618, 0.04779516160488129, -0.09496848285198212, -0.02706093341112137, 0.1486826241016388, -0.2012568563222885, 0.29830729961395264, -0.07350993901491165, -0.23413129150867462, 0.004666117951273918, -0.08308227360248566, 0.3046080768108368, -0.18593759834766388, -0.13150186836719513, -0.04934489354491234, -0.03515103459358215, 0.031023304909467697, 0.05799904465675354, -0.005203425884246826, 0.06702576577663422, -0.1323106288909912, -0.32831716537475586, -0.04040951281785965, -0.0294707790017128, -0.12088781595230103, -0.10517089068889618, -0.05685468763113022, 0.03990660235285759, -0.1287051886320114, 0.09103319048881531, 0.023350588977336884, 0.07380867749452591, -0.06731802225112915, -0.11673323065042496, 0.22930936515331268, 0.1076301708817482, -0.29290539026260376, 0.0687621682882309, 0.08154665678739548, 0.27966833114624023, 0.17951315641403198, -0.021984519436955452, -0.011782072484493256, -0.0802021473646164, 0.1394251585006714, -0.2667660117149353, 0.06748255342245102, 0.19486920535564423, 0.07268743962049484, 0.03855394572019577, 0.0534403994679451, -0.07175024598836899, -0.006360613740980625, 0.18150866031646729, -0.13782557845115662, -0.06602106988430023, 0.06572585552930832, -0.004324566572904587, -0.0037496089935302734, -0.1433442085981369, 0.23149889707565308, 0.17961175739765167, -0.1495654433965683, -0.19904935359954834, 0.11064956337213516, -0.12295536696910858, -0.14680039882659912, 0.08316479623317719, -0.18625184893608093, -0.20856019854545593, -0.2785981595516205, 0.02638055384159088, 0.32121533155441284, 0.13515184819698334, -0.14618512988090515, 0.04951463267207146, 0.03978155553340912, -0.05630281940102577, 0.06794314831495285, 0.21234112977981567, 0.028030097484588623, 0.021595686674118042, -0.027941260486841202, 0.016652874648571014, 0.21101295948028564, -0.06106054410338402, -0.0252644382417202, 0.2665361166000366, -0.015033252537250519, -0.02802312932908535, -0.024767747148871422, 0.0058478862047195435, -0.08483871072530746, 0.01675117388367653, -0.13002218306064606, -0.054266735911369324, -0.0390276163816452, 0.014818254858255386, -0.0442965030670166, 0.1145869791507721, -0.22284603118896484, 0.1365029215812683, -0.07727563381195068, -0.010260321199893951, 0.0034377621486783028, 0.036649588495492935, -0.05092204734683037, -0.03488027676939964, 0.10524684935808182, -0.2224758267402649, 0.10991819947957993, 0.1242356151342392, 0.06420668959617615, 0.06757410615682602, 0.12864680588245392, 0.06732206791639328, 0.0009961556643247604, -0.034891776740550995, -0.23483912646770477, -0.04050595313310623, 0.07296758890151978, -0.0452631413936615, 0.08369240164756775, 0.000830434262752533)	2021-05-15 22:51:35.151	2021-05-16 13:32:03.44	0.9540607929229736	12	1	\N	3	Scan
21	864.8652954101562	336.7796454095221	400.99210363611	327.91766357421875	(-0.07806713134050369, 0.048443689942359924, 0.08163395524024963, -0.1840212345123291, -0.086329385638237, -0.024547956883907318, -0.06723564863204956, -0.07603883743286133, 0.14608657360076904, -0.11338590085506439, 0.2311432808637619, -0.17862679064273834, -0.19787737727165222, 0.02162253111600876, -0.07690363377332687, 0.2704991400241852, -0.1610720306634903, -0.1434560865163803, -0.044619008898735046, 0.03378020226955414, 0.06026836857199669, 0.095918208360672, -0.09226097911596298, 0.09376367926597595, -0.14514295756816864, -0.3303629755973816, -0.12814757227897644, -0.05169990658760071, -0.1729317605495453, -0.10674192011356354, 0.0014012791216373444, 0.08786749094724655, -0.10896183550357819, 0.07171763479709625, 0.03995237499475479, 0.07908939570188522, 0.008530938997864723, -0.1600698083639145, 0.16346055269241333, 0.0992630198597908, -0.31092703342437744, 0.033596381545066833, 0.14928168058395386, 0.2905127704143524, 0.20947445929050446, -0.007284833118319511, -0.03403889387845993, -0.10603320598602295, 0.08537156134843826, -0.2707963287830353, -0.026375090703368187, 0.14756733179092407, 0.016260046511888504, 0.06929460912942886, 0.022761031985282898, -0.04392368718981743, 0.04298005625605583, 0.11751663684844971, -0.22795450687408447, -0.015578621998429298, 0.11225574463605881, -0.11841215193271637, -0.005053762346506119, -0.19131158292293549, 0.21065810322761536, 0.15318341553211212, -0.1822575181722641, -0.1520269513130188, 0.1022963598370552, -0.17987790703773499, -0.1851421594619751, 0.007049212232232094, -0.17586299777030945, -0.22492709755897522, -0.36107465624809265, -0.0210813470184803, 0.3419915437698364, 0.1609840989112854, -0.2035323530435562, 0.07549291849136353, 0.01143614575266838, -0.013833578675985336, 0.11348609626293182, 0.20423269271850586, 0.0981777086853981, -0.021806448698043823, -0.024766579270362854, -0.0013282448053359985, 0.30061325430870056, -0.07748821377754211, 0.04071758687496185, 0.2386476993560791, -0.06645582616329193, -0.0073541500605642796, -0.07748329639434814, 0.04667419195175171, -0.04140929877758026, 0.04731694236397743, -0.08734079450368881, 0.07135739922523499, -0.07881806790828705, 0.024189958348870277, -0.00809822604060173, 0.1530294269323349, -0.22668695449829102, 0.1754593700170517, 0.02620963379740715, -0.07271064072847366, -0.026106402277946472, 0.004943680018186569, -0.03462536633014679, -0.02245306223630905, 0.153140589594841, -0.21939575672149658, 0.12235407531261444, 0.17154744267463684, 0.0708274096250534, 0.09099289774894714, 0.07137390226125717, 0.10872232168912888, -0.033267050981521606, -0.03007303923368454, -0.24434056878089905, -0.028350017964839935, 0.06270863115787506, -0.017984608188271523, 0.06329416483640671, 0.03224256634712219)	2021-05-15 22:51:35.151	2021-05-15 23:03:48.37	0.8631896376609802	2	1	\N	3	Scan
24	319.7600841522217	167.66414165496823	380.515923500061	257.6663303375244	(-0.0579792857170105, 0.0724465399980545, 0.03904914855957031, -0.08789314329624176, -0.034824077039957047, -0.05049023777246475, -0.06232118606567383, -0.06723710149526596, 0.19657310843467712, -0.18738240003585815, 0.1759343445301056, -0.1368194818496704, -0.1872098296880722, -0.009939934127032757, -0.03369627147912979, 0.21239691972732544, -0.13341024518013, -0.16106528043746948, -0.10093984007835388, 0.007468286901712418, 0.08449474722146988, 0.054780263453722, -0.06722515821456909, 0.10166953504085541, -0.05362614244222641, -0.31339046359062195, -0.06081334874033928, -0.022439662367105484, -0.005112092941999435, -0.07287121564149857, -0.09024832397699356, 0.08036215603351593, -0.17210276424884796, -0.06293366849422455, 0.07277533411979675, 0.20725862681865692, 0.025010032579302788, -0.06806794553995132, 0.11945632845163345, -0.0019565802067518234, -0.32688042521476746, 0.09033914655447006, 0.048644352704286575, 0.28352802991867065, 0.1658610999584198, 0.010034910403192043, -0.0309147909283638, -0.1802816092967987, 0.1533212959766388, -0.16986198723316193, 0.007469344884157181, 0.12172986567020416, 0.09898431599140167, 0.052148330956697464, 0.05822933837771416, -0.17508813738822937, 0.06614595651626587, 0.07531271874904633, -0.14752160012722015, -0.03358617052435875, 0.10354088246822357, -0.12187591195106506, 0.029778840020298958, -0.11529365181922913, 0.1255369782447815, 0.02144727110862732, -0.08496105670928955, -0.2631756067276001, 0.10356448590755463, -0.18787801265716553, -0.045791201293468475, 0.15777966380119324, -0.11991715431213379, -0.1730206459760666, -0.333911657333374, -0.004930265247821808, 0.36476951837539673, 0.13569959998130798, -0.1939423829317093, 0.11548997461795807, 0.041552260518074036, -0.011232532560825348, 0.1473657637834549, 0.2228570431470871, 0.054243676364421844, 0.10020599514245987, -0.11609642952680588, 0.023237720131874084, 0.23074576258659363, -0.0683361142873764, -0.01157538965344429, 0.1522606909275055, -0.019456371665000916, 0.03853153437376022, -0.0011832471936941147, 0.02514028549194336, -0.124155193567276, 0.04610041156411171, -0.19237063825130463, -0.028928836807608604, -0.007788442075252533, 0.038289874792099, -0.05093083530664444, 0.11131435632705688, -0.1582040786743164, 0.13714903593063354, -0.03671559691429138, -0.022860709577798843, -0.04383286088705063, 0.013547979295253754, -0.03505973145365715, -0.04158715903759003, 0.12551939487457275, -0.20986101031303406, 0.09988081455230713, 0.17380082607269287, 0.09547288715839386, 0.09655328094959259, 0.09868358820676804, 0.0723201334476471, 0.01834169402718544, -0.01461309939622879, -0.2598087787628174, -0.02700156718492508, 0.06378407776355743, -0.0039009759202599525, 0.07726690173149109, -0.01776169240474701)	2021-05-16 06:11:01.97	2021-05-16 06:11:01.97	0.9746445417404175	\N	1	\N	5	Scan
26	1473.0741119384766	201.85677051544187	333.8082647323608	262.20428466796875	(-0.08679614961147308, 0.0851375013589859, 0.0304877907037735, -0.1072734147310257, -0.1642826497554779, 0.03372625261545181, -0.08770334720611572, -0.12528960406780243, 0.1531667411327362, -0.1826988160610199, 0.16345714032649994, -0.09109003096818924, -0.17362305521965027, 0.07019896060228348, -0.09650042653083801, 0.2477494478225708, -0.16946935653686523, -0.20747148990631104, -0.024317147210240364, -0.004676986485719681, 0.045027635991573334, 0.06512408703565598, -0.0445483922958374, 0.05834216624498367, -0.12336983531713486, -0.25464776158332825, -0.12023089081048965, -0.07648445665836334, -0.09884791076183319, -0.08156014233827591, -0.05218636244535446, 0.0743633359670639, -0.12755736708641052, 0.06494051963090897, 0.0485311783850193, 0.08785803616046906, 0.016243167221546173, -0.07604185491800308, 0.09935227781534195, 0.03438056260347366, -0.29985466599464417, 0.09288337081670761, 0.14719480276107788, 0.22488003969192505, 0.17400836944580078, 0.032374057918787, -0.06853142380714417, -0.1599484235048294, 0.09562495350837708, -0.15539811551570892, 0.04728471115231514, 0.11225520819425583, 0.0815594345331192, 0.09865301847457886, -0.0023658908903598785, -0.13059002161026, 0.07577994465827942, 0.06781193614006042, -0.15097254514694214, 0.007980290800333023, 0.13736122846603394, -0.06964839994907379, 0.027901414781808853, -0.13265308737754822, 0.20865142345428467, 0.15166565775871277, -0.0869952142238617, -0.22498095035552979, 0.10446057468652725, -0.18836146593093872, -0.17957733571529388, 0.07005628198385239, -0.18117085099220276, -0.18188337981700897, -0.27670934796333313, -0.03386816754937172, 0.3164043426513672, 0.18321475386619568, -0.1468428671360016, 0.05935545265674591, 0.07483603060245514, 0.00637715682387352, 0.07422256469726562, 0.18589630722999573, -0.011582456529140472, 0.012920979410409927, -0.041692838072776794, -0.017877139151096344, 0.2975814938545227, -0.054137155413627625, -0.02958519756793976, 0.21534007787704468, -0.03523688018321991, 0.024502240121364594, -0.007052630186080933, 0.02105218917131424, -0.042012475430965424, 0.012057319283485413, -0.1474842131137848, -0.0416322760283947, -0.11419935524463654, -0.0042739976197481155, -0.06023991107940674, 0.14112135767936707, -0.16918735206127167, 0.13518226146697998, -0.0570104718208313, -0.013558164238929749, -0.09887354075908661, 0.06448262929916382, -0.0408753827214241, -0.0034494400024414062, 0.14968235790729523, -0.1620100438594818, 0.18026883900165558, 0.1591932326555252, 0.12051837891340256, 0.06941686570644379, 0.10797347128391266, 0.10053309798240662, -0.03777544945478439, -0.017848901450634003, -0.2311171591281891, -0.024777811020612717, 0.12032637745141983, -0.09299024939537048, 0.10388949513435364, 0.06249693036079407)	2021-05-16 06:11:01.97	2021-05-16 06:11:01.97	0.8994559049606323	\N	1	\N	5	Scan
25	1101.5976333618164	189.0785264968872	353.8497877120972	266.1735534667969	(-0.08934450149536133, 0.1689239889383316, 0.11305805295705795, -0.13064908981323242, -0.16082176566123962, 0.0015023425221443176, -0.08602696657180786, -0.06364573538303375, 0.15388363599777222, -0.12058879435062408, 0.2758180499076843, -0.08960054069757462, -0.20371082425117493, -0.02887018397450447, -0.05659162253141403, 0.26217949390411377, -0.15117327868938446, -0.18930239975452423, 0.015829965472221375, -0.0018974095582962036, 0.08746827393770218, 0.04320184513926506, -0.05236485227942467, 0.04922797158360481, -0.08818414807319641, -0.35521912574768066, -0.0638139396905899, -0.02363106980919838, -0.010588455945253372, -0.15023964643478394, -0.031055858358740807, 0.11175929009914398, -0.20445071160793304, -0.024657461792230606, 0.03751016780734062, 0.1676643341779709, -0.047256242483854294, -0.09126029908657074, 0.1339322030544281, 0.04789108783006668, -0.3014504015445709, 0.02703714370727539, 0.13146854937076569, 0.2891431450843811, 0.13770371675491333, 0.0350869819521904, -0.0013958476483821869, -0.1353694498538971, 0.06501728296279907, -0.17309916019439697, 0.0711149126291275, 0.1441550850868225, 0.0941825807094574, 0.08965491503477097, 0.038616880774497986, -0.15429078042507172, 0.04092957824468613, 0.11621539294719696, -0.1840546429157257, -0.025158775970339775, 0.10114774852991104, -0.06629741191864014, 0.045617394149303436, -0.1637437641620636, 0.27167120575904846, 0.11525478959083557, -0.07425771653652191, -0.14670784771442413, 0.17284226417541504, -0.10553111881017685, -0.1497378647327423, 0.06447766721248627, -0.1329316794872284, -0.14441955089569092, -0.2898382842540741, 0.002601025626063347, 0.33721762895584106, 0.1128574013710022, -0.1907024085521698, 0.05906571075320244, 0.051712699234485626, -0.06991760432720184, 0.08378397673368454, 0.21990816295146942, 0.01673310250043869, 0.05287866294384003, -0.02924533560872078, -0.011726327240467072, 0.265506774187088, -0.048548635095357895, 0.03632344305515289, 0.20817270874977112, -0.0015469789505004883, 0.023135215044021606, 0.012143280357122421, -0.017249993979930878, -0.0747261717915535, 0.03411445766687393, -0.19388186931610107, -0.07104993611574173, -0.15315745770931244, -0.04754231870174408, -0.08737807720899582, 0.15219220519065857, -0.2144259512424469, 0.09768147766590118, 0.044051121920347214, -0.04195727780461311, -0.07411172986030579, 0.04810565337538719, -0.007008928805589676, -0.09934055805206299, 0.10894034057855606, -0.21606655418872833, 0.18735752999782562, 0.19048118591308594, 0.0766238421201706, 0.11868049949407578, 0.12541937828063965, 0.11970613151788712, 0.04180867597460747, -0.10559778660535812, -0.18728962540626526, -0.00495653972029686, 0.1141948401927948, -0.07916881144046783, 0.042730897665023804, 0.040001269429922104)	2021-05-16 06:11:01.97	2021-05-16 06:11:24.553	0.9722226858139038	5	1	\N	5	Scan
22	210.40665690104166	746.2571003437042	885.1158456802368	718.1773274739584	(-0.09382502734661102, 0.0421021431684494, -9.562820196151733e-06, -0.08552983403205872, -0.16487741470336914, -0.05901006981730461, -0.10450879484415054, -0.07085303217172623, 0.1500316709280014, -0.11873717606067657, 0.26428717374801636, -0.14850300550460815, -0.20580005645751953, -0.1097140908241272, -0.08127057552337646, 0.3027430772781372, -0.14576373994350433, -0.14986330270767212, -0.05034328252077103, -0.010769002139568329, 0.08379241824150085, 0.00837903656065464, 0.02095887064933777, 0.09161603450775146, -0.049097925424575806, -0.3624914288520813, -0.04156944900751114, -0.053266741335392, -0.005761649459600449, -0.12510263919830322, -0.012267308309674263, 0.10812360048294067, -0.1839170753955841, -0.04379815235733986, 0.042655907571315765, 0.1325763612985611, 0.005049923434853554, -0.14370779693126678, 0.12882953882217407, -0.026217058300971985, -0.3244246244430542, -0.03021090477705002, 0.07848626375198364, 0.2519838809967041, 0.1284511834383011, 0.029507087543606758, 0.0341210812330246, -0.17332199215888977, 0.08034326136112213, -0.1826990693807602, 0.017516370862722397, 0.11140873283147812, 0.021662306040525436, 0.019345365464687347, 0.018290989100933075, -0.1657693237066269, 0.0750378966331482, 0.1243743970990181, -0.1984848529100418, -0.08712400496006012, 0.07504411041736603, -0.011342509649693966, 0.025411352515220642, -0.17097651958465576, 0.25652840733528137, 0.10374348610639572, -0.10181227326393127, -0.20947383344173431, 0.15055608749389648, -0.13795045018196106, -0.08084884285926819, 0.07308824360370636, -0.14229384064674377, -0.22341181337833405, -0.3555600047111511, -0.03331724926829338, 0.376047283411026, 0.13171730935573578, -0.15611448884010315, 0.09967824816703796, 0.027535144239664078, -0.03785282000899315, 0.0946158617734909, 0.2292303889989853, 0.06385547667741776, 0.0653441846370697, -0.08632209897041321, -0.00693783164024353, 0.19461070001125336, -0.12110792100429535, 0.008953440934419632, 0.1947956532239914, -0.007452003657817841, -0.002713186666369438, -0.02668137662112713, 0.03534448891878128, -0.09797374904155731, 0.13644196093082428, -0.1247648298740387, 0.004515716806054115, -0.036947235465049744, 0.028558986261487007, 0.010343175381422043, 0.07649224251508713, -0.12680961191654205, 0.10438349843025208, 0.008089721202850342, -0.006936106830835342, -0.05761474370956421, -0.001740049570798874, -0.022708620876073837, -0.08652828633785248, 0.08229824900627136, -0.21930654346942902, 0.17970529198646545, 0.17919129133224487, 0.1574651002883911, 0.18301020562648773, 0.1253928691148758, 0.13562560081481934, 0.048945292830467224, -0.06941088289022446, -0.20850761234760284, 0.016193240880966187, 0.06202881410717964, -0.04632870852947235, 0.04023491591215134, 0.061660751700401306)	2021-05-16 05:39:17.778	2021-05-16 08:07:22.975	0.9961710572242737	10	1	\N	4	Scan
23	1016.4186197916666	1051.708363443613	724.0575320422649	562.9316406249999	(-0.02718682587146759, 0.07871688902378082, 0.05129145085811615, -0.0656680092215538, -0.13608402013778687, 0.009279944002628326, -0.07378967851400375, -0.08052641153335571, 0.18138116598129272, -0.1747051477432251, 0.20361702144145966, -0.056653402745723724, -0.17199277877807617, -0.02409280464053154, -0.02032603695988655, 0.234246164560318, -0.1821921169757843, -0.1539488434791565, -0.044871941208839417, -0.006990641355514526, 0.01901841163635254, 0.10402541607618332, 0.036651886999607086, 0.025970205664634705, -0.14145295321941376, -0.30822157859802246, -0.06810534000396729, -0.028624793514609337, -0.04291386157274246, -0.10599932819604874, -0.052704956382513046, 0.10466918349266052, -0.1659749150276184, 0.022946354001760483, 0.06186377629637718, 0.07849358022212982, -0.00683475099503994, -0.08517409861087799, 0.18467678129673004, -0.0029076561331748962, -0.30475959181785583, 0.07088284194469452, 0.042816467583179474, 0.2462434619665146, 0.16824164986610413, 0.020125681534409523, -0.03719121962785721, -0.1830849051475525, 0.10499301552772522, -0.1357547491788864, 0.026852749288082123, 0.14285889267921448, 6.860494613647461e-05, 0.0005160868167877197, -0.00993063673377037, -0.10006420314311981, 0.001621166244149208, 0.09725809097290039, -0.12009962648153305, -0.0846441313624382, 0.0985787957906723, -0.05247291922569275, -0.00913212914019823, -0.16216960549354553, 0.19476060569286346, 0.053297724574804306, -0.10108189284801483, -0.21379932761192322, 0.11139390617609024, -0.14591646194458008, -0.12374788522720337, 0.08566107600927353, -0.14507675170898438, -0.18630333244800568, -0.283626914024353, -0.041811615228652954, 0.3432405889034271, 0.0901111289858818, -0.17709863185882568, 0.09120845794677734, 0.045055076479911804, -0.018932588398456573, 0.10867686569690704, 0.22279492020606995, 0.007892262190580368, 0.03938310593366623, -0.028165923431515694, 0.03677119314670563, 0.25854119658470154, -0.07548794150352478, -0.02310185134410858, 0.20634505152702332, 0.0006475560367107391, 0.02723718248307705, -0.003087889403104782, -0.008461900055408478, -0.02554587461054325, 0.08100021630525589, -0.1440502107143402, 0.016902539879083633, 0.009935887530446053, 0.013916833326220512, -0.026293054223060608, 0.1761133074760437, -0.17640294134616852, 0.1658245474100113, -0.011726412922143936, -0.005553446710109711, 0.04698475822806358, 0.040907297283411026, -0.04953461140394211, -0.08391345292329788, 0.12340177595615387, -0.24659854173660278, 0.13776084780693054, 0.1478254795074463, 0.054560158401727676, 0.1188015416264534, 0.08086852729320526, 0.1505199670791626, -0.020041827112436295, 0.01850154995918274, -0.2823377847671509, -0.020712971687316895, 0.12679509818553925, -0.05097561702132225, 0.10714274644851685, 0.029557131230831146)	2021-05-16 05:39:17.778	2021-05-16 08:07:26.131	0.9634667634963989	11	1	\N	4	Scan
29	1755.5595016479492	269.71092224121094	253.84803771972656	161.42921447753906	(-0.14404699206352234, 0.035158947110176086, 0.12120157480239868, -0.02335846796631813, -0.08035765588283539, -0.046946652233600616, -0.08253133296966553, -0.0612662136554718, 0.14666669070720673, -0.08327972888946533, 0.14850260317325592, -0.0028126388788223267, -0.20486539602279663, 0.04570472985506058, -0.023601621389389038, 0.1547814905643463, -0.1917314976453781, -0.11998335272073746, -0.09302952140569687, -0.05827381834387779, -0.036351557821035385, 0.047702040523290634, -0.01697157882153988, 0.07139039039611816, -0.08229541778564453, -0.28781723976135254, -0.0392560139298439, -0.07182823121547699, -0.006754565984010696, -0.008168765343725681, -0.0757804811000824, 0.00409766286611557, -0.1941199153661728, -0.005467919632792473, 0.04959718883037567, 0.08431785553693771, -0.008198939263820648, -0.09858813881874084, 0.1644933819770813, -0.000995434820652008, -0.22987313568592072, -0.014437604695558548, 0.07265841960906982, 0.19917483627796173, 0.22360257804393768, 0.053251713514328, -0.0019465647637844086, -0.09147341549396515, 0.17075130343437195, -0.2809566557407379, 0.049792125821113586, 0.18104612827301025, 0.0491412989795208, 0.03101770579814911, 0.05655258148908615, -0.26208990812301636, -0.0342116542160511, 0.11087718605995178, -0.1362581104040146, 0.011236501857638359, -0.00032924115657806396, -0.002150353044271469, -0.036751095205545425, -0.1118895560503006, 0.215361550450325, 0.11510423570871353, -0.1615951955318451, -0.12464616447687149, 0.19704364240169525, -0.12347111105918884, 0.0066300444304943085, 0.08376707136631012, -0.16160106658935547, -0.2478162795305252, -0.26871049404144287, 0.07587520778179169, 0.4431513845920563, 0.12497209757566452, -0.11847570538520813, 0.0782637745141983, -0.0614488385617733, -0.026226114481687546, -0.007105903699994087, 0.155215322971344, -0.05239400267601013, 0.05244200676679611, -0.015516799874603748, 0.03922224044799805, 0.18003687262535095, 0.01323707029223442, -0.004374593496322632, 0.1817355453968048, -0.02252381294965744, -0.008572936989367008, -0.012219466269016266, 0.056117020547389984, -0.0683855414390564, -0.02507874369621277, -0.18644750118255615, -0.027175841853022575, 0.016710322350263596, -0.007566463202238083, 0.021475255489349365, 0.10897094011306763, -0.19189174473285675, 0.08951713889837265, 0.00961141288280487, -0.04782906547188759, -0.026664873585104942, 0.0057267919182777405, -0.062359027564525604, -0.027280375361442566, 0.13819551467895508, -0.25221821665763855, 0.18028022348880768, 0.15205983817577362, 0.06471177190542221, 0.1880209743976593, 0.035298582166433334, 0.07195263355970383, 0.033170148730278015, -0.005977161228656769, -0.1497078537940979, -0.06053127720952034, 0.05498916655778885, -0.02086709439754486, 0.050810571759939194, 0.056883782148361206)	2021-05-16 06:11:01.97	2021-05-16 06:11:15.97	0.5587325692176819	4	1	\N	5	Scan
28	20.19109010696411	216.67011737823486	260.20993709564203	215.27948141098022	(-0.07510985434055328, 0.05965401977300644, 0.12194180488586426, -0.12556731700897217, -0.20877012610435486, 0.002311039250344038, -0.093289315700531, -0.08408932387828827, 0.09239739924669266, -0.1844605654478073, 0.1913864016532898, -0.07295556366443634, -0.1619502305984497, 0.043975815176963806, -0.06028599664568901, 0.2052871584892273, -0.139523446559906, -0.19059067964553833, -0.06422491371631622, -0.041070226579904556, -0.01887325569987297, 0.11301643401384354, -0.048692911863327026, 0.01822792738676071, -0.08960486948490143, -0.30399078130722046, -0.1044890508055687, 0.029198693111538887, -0.053847283124923706, -0.05267566442489624, -0.06708363443613052, 0.07248556613922119, -0.15728366374969482, 0.023228850215673447, 0.04955373331904411, 0.19064229726791382, -0.03027036413550377, -0.09810321033000946, 0.025485973805189133, 0.07693158835172653, -0.2657937705516815, 0.09354791045188904, 0.09323311597108841, 0.2516078054904938, 0.20936481654644012, -0.0024798065423965454, 0.01128832995891571, -0.15291176736354828, 0.073000967502594, -0.1893889456987381, 0.04469658434391022, 0.1303371787071228, 0.0657176822423935, 0.06495755910873413, 0.007834427058696747, -0.10361733287572861, 0.023119555786252022, 0.10475735366344452, -0.09169679135084152, -0.025397999212145805, 0.15470457077026367, -0.04074934497475624, 0.015012118965387344, -0.15529009699821472, 0.20941737294197083, 0.11393644660711288, -0.11424493789672852, -0.2151896059513092, 0.14291024208068848, -0.15256328880786896, -0.19175012409687042, 0.035880833864212036, -0.1607726514339447, -0.14251279830932617, -0.29819372296333313, 0.05052148923277855, 0.3658679127693176, 0.15863037109375, -0.13059188425540924, 0.07943923771381378, 0.014323372393846512, 0.036889564245939255, 0.029369927942752838, 0.1866818219423294, -0.03313622996211052, 0.1033739224076271, -0.0737496018409729, 0.06088227033615112, 0.2545761466026306, -0.047028202563524246, -0.01977592706680298, 0.2001679539680481, 0.010383240878582, 0.06521818786859512, 0.05917828157544136, 0.03676818311214447, -0.04785705730319023, 0.019371770322322845, -0.207491934299469, -0.02834339067339897, -0.05306946486234665, -0.02808970957994461, -0.025119099766016006, 0.138437420129776, -0.12100989371538162, 0.1997951865196228, -0.04865910857915878, -0.013203166425228119, -0.0674699991941452, 0.002573814243078232, -0.026083536446094513, -0.00756034255027771, 0.1417621523141861, -0.18323029577732086, 0.11362215131521225, 0.16962604224681854, 0.14398422837257385, 0.1163855642080307, 0.17733830213546753, 0.07981371879577637, -0.006912808865308762, -0.041517503559589386, -0.18549744784832, -0.025807522237300873, 0.04223465919494629, -0.06434156000614166, 0.0808257907629013, 0.10405182838439941)	2021-05-16 06:11:01.97	2021-05-16 06:11:28.986	0.653099000453949	6	1	\N	5	Scan
30	552.7822265625	284.718994140625	381.528564453125	365.620361328125	(-0.06506656855344772, 0.10560038685798645, 0.08103086054325104, -0.06370191276073456, -0.07336386293172836, -0.030108727514743805, -0.06614610552787781, -0.10810279846191406, 0.1578720510005951, -0.07266736030578613, 0.18209293484687805, -0.12556838989257812, -0.2542639970779419, 0.0427885539829731, -0.08974918723106384, 0.17525163292884827, -0.1479109227657318, -0.15272743999958038, -0.12342797219753265, -0.04254758358001709, 0.01838275045156479, 0.07250514626502991, 0.020996572449803352, 0.07316190004348755, -0.08094733953475952, -0.342399924993515, -0.02946748211979866, -0.04582435265183449, 0.06135345622897148, -0.04257642477750778, -0.02186179906129837, 0.06701232492923737, -0.1880110651254654, 0.016795171424746513, 0.053459569811820984, 0.1177925392985344, -0.0718555599451065, -0.0917002260684967, 0.12773674726486206, 0.0237652026116848, -0.32050421833992004, -0.06028599292039871, 0.032944612205028534, 0.28155332803726196, 0.2504641115665436, 0.01669001206755638, -0.013867467641830444, -0.1362222135066986, 0.02383837103843689, -0.22220861911773682, -0.013187893666327, 0.22479355335235596, 0.06963623315095901, 0.06633293628692627, 0.052564993500709534, -0.16966621577739716, 0.02267628163099289, 0.07762455940246582, -0.1729765385389328, -0.07313989102840424, 0.1023203656077385, -0.022837623953819275, -0.001277967356145382, -0.13567952811717987, 0.22126737236976624, 0.11806445568799973, -0.1484513282775879, -0.16698385775089264, 0.20729339122772217, -0.20760995149612427, -0.03090420737862587, 0.10271184146404266, -0.11056298017501831, -0.17390182614326477, -0.2523941397666931, -0.08801712840795517, 0.3671811521053314, 0.10149356722831726, -0.14611206948757172, 0.05247719958424568, -0.05281170830130577, 0.03237893432378769, 0.05493859946727753, 0.13339635729789734, -0.07489845901727676, 0.0781334713101387, -0.04775501415133476, -0.003377288579940796, 0.1575198918581009, -0.06745915114879608, -0.00044358521699905396, 0.17703133821487427, -0.044081829488277435, -0.07103940844535828, 0.04947362095117569, 0.064041867852211, -0.10956715792417526, 0.04618944600224495, -0.16334795951843262, -0.0361831970512867, -0.02423854172229767, -0.04127224534749985, 0.037599239498376846, 0.11010370403528214, -0.16189424693584442, 0.1805976778268814, 0.026457536965608597, 0.013351529836654663, 0.04752214252948761, 0.0023377202451229095, -0.025608094409108162, -0.07724308967590332, 0.19177594780921936, -0.2522742450237274, 0.16441522538661957, 0.14961008727550507, 0.035810574889183044, 0.10964542627334595, 0.06292964518070221, 0.13019245862960815, -0.032584793865680695, -0.029933668673038483, -0.1837274730205536, -0.03937974572181702, -0.012617485597729683, -0.0789574608206749, 0.004806941375136375, 0.01010839268565178)	2021-05-16 06:12:51.407	2021-05-16 06:13:15.81	0.9855779409408569	7	1	\N	6	Scan
31	311.61749267578125	68.00921630859375	354.1783142089844	419.2109375	(-0.08859981596469879, 0.09187760204076767, 0.02469037100672722, -0.06251026690006256, -0.10726548731327057, 0.011214317753911018, -0.059077102690935135, -0.039295852184295654, 0.18345697224140167, -0.0741722509264946, 0.202167347073555, 0.0032726526260375977, -0.2071090191602707, 0.02965334989130497, -0.0630420446395874, 0.11615357547998428, -0.1821369081735611, -0.09455668926239014, -0.11236793547868729, -0.1394762545824051, 0.023999091237783432, 0.06623575836420059, -0.0023951493203639984, 0.05743394047021866, -0.10593490302562714, -0.25065940618515015, -0.02459736540913582, -0.08853913843631744, 0.1223926767706871, -0.0833004042506218, -0.01924562081694603, 0.060380350798368454, -0.1631699800491333, -0.0031211907044053078, 0.035999905318021774, 0.0341569259762764, -0.02634911984205246, -0.040041349828243256, 0.15999367833137512, -0.0040945205837488174, -0.22888854146003723, -0.03886796161532402, 0.07365001738071442, 0.2656306326389313, 0.17337127029895782, 0.0630212128162384, -0.007990583777427673, -0.0693666934967041, 0.1008165180683136, -0.21668991446495056, 0.012290358543395996, 0.24217179417610168, 0.09346835315227509, 0.0979909747838974, 0.04808983579277992, -0.21387912333011627, 0.011683441698551178, 0.08389179408550262, -0.08389928936958313, 0.0158989317715168, 0.07378298044204712, -0.01944456808269024, -0.016003264114260674, -0.130641371011734, 0.24062837660312653, 0.06705643236637115, -0.1746252477169037, -0.13254068791866302, 0.14219599962234497, -0.14774128794670105, -0.0691540315747261, 0.09875516593456268, -0.11501355469226837, -0.16924262046813965, -0.19793935120105743, 0.004767829552292824, 0.35745206475257874, 0.1356435865163803, -0.14395195245742798, 0.06262309849262238, -0.08776119351387024, -0.025202374905347824, 0.011843860149383545, 0.1243274062871933, -0.1104455292224884, 0.05288809537887573, -0.01816880702972412, -0.019320722669363022, 0.18819761276245117, -0.021253332495689392, 0.031211979687213898, 0.19437679648399353, -0.004095405340194702, -0.013373170047998428, -0.010884959250688553, 0.08120478689670563, -0.12881675362586975, 0.0019296258687973022, -0.08941785991191864, 0.0006087254732847214, 0.009970276616513729, -0.11713040620088577, -0.0007338635623455048, 0.07844118773937225, -0.22306931018829346, 0.22277528047561646, 0.010063298046588898, 0.029244881123304367, 0.0002612937241792679, 0.04135100170969963, -0.01750187948346138, -0.007985219359397888, 0.17782843112945557, -0.256223201751709, 0.23884017765522003, 0.1836542785167694, 0.07156230509281158, 0.16424641013145447, 0.0831206738948822, 0.11728136241436005, -0.018182452768087387, -0.01848859339952469, -0.14313533902168274, -0.12064355611801147, 0.002933090552687645, -0.14328758418560028, -0.010898362845182419, 0.022091584280133247)	2021-05-16 06:12:51.407	2021-05-16 06:13:21.174	0.9835153222084045	8	1	\N	6	Scan
27	729.4901847839355	179.7840356826782	335.9071683883667	247.34773635864258	(-0.06231389939785004, 0.061682507395744324, 0.019341208040714264, -0.17309802770614624, -0.09105413407087326, 0.015630850568413734, -0.1180243194103241, -0.09424421191215515, 0.18978098034858704, -0.1769215166568756, 0.1743263155221939, -0.062129341065883636, -0.13548126816749573, -0.0025302711874246597, -0.022947395220398903, 0.1981813907623291, -0.17992492020130157, -0.16202262043952942, -0.05643206462264061, 0.00861767865717411, 0.041059598326683044, 0.11939167976379395, 0.008551415055990219, 0.06640906631946564, -0.10656361281871796, -0.2960437536239624, -0.11745240539312363, -0.09645778685808182, -0.05000847205519676, -0.08810408413410187, -0.04796307533979416, 0.012312017381191254, -0.17081007361412048, 0.009242714382708073, 0.05940738320350647, 0.1266973316669464, 0.03429033234715462, -0.09335041791200638, 0.15882447361946106, 0.04845575988292694, -0.2568527162075043, 0.0345238596200943, 0.04314393177628517, 0.2566148042678833, 0.20654362440109253, 0.04668745398521423, -0.09137658029794693, -0.17694328725337982, 0.1322619915008545, -0.16426417231559753, 0.09055604040622711, 0.11732067912817001, 0.005929023027420044, 0.07868526130914688, 0.010834597051143646, -0.10030492395162582, 0.10246007144451141, 0.13199084997177124, -0.17761212587356567, -0.06112086400389671, 0.07022874057292938, -0.07354669272899628, 0.02001955360174179, -0.12531167268753052, 0.26206883788108826, 0.09207434207201004, -0.09949691593647003, -0.2367720752954483, 0.08369920402765274, -0.11867263913154602, -0.14462406933307648, 0.06751762330532074, -0.1884070187807083, -0.15163134038448334, -0.2801942825317383, -0.009254585951566696, 0.3453409671783447, 0.13054674863815308, -0.2313646674156189, 0.08425022661685944, -0.024573305621743202, -0.05694420263171196, 0.14194944500923157, 0.18253767490386963, 0.09039735794067383, -0.01912280172109604, -0.04430580139160156, -0.007173880934715271, 0.27011391520500183, -0.09495805203914642, -0.007074311375617981, 0.20668521523475647, -0.05394463986158371, 0.04479211941361427, -0.016213063150644302, 0.010958127677440643, -0.08680548518896103, 0.09969058632850647, -0.1429239958524704, -0.035622719675302505, -0.005010668188333511, 0.0891118124127388, -0.047917671501636505, 0.18223431706428528, -0.21098697185516357, 0.18046699464321136, 0.010316979140043259, -0.05975779891014099, 0.018701940774917603, -0.03545906022191048, -0.03805270791053772, -0.08868630975484848, 0.1694701462984085, -0.21877163648605347, 0.18617403507232666, 0.16017073392868042, 0.10021299123764038, 0.1394806057214737, 0.06326925754547119, 0.12191525846719742, -0.016024623066186905, 0.016848817467689514, -0.3157092332839966, 0.020950913429260254, 0.12880821526050568, -0.008457692340016365, 0.07337751239538193, 0.03684595227241516)	2021-05-16 06:11:01.97	2021-05-16 07:47:04.231	0.8969933390617371	9	1	\N	5	Scan
34	627.3871862841218	284.85576885938644	340.2328305244446	269.6533806239192	(-0.12310244888067245, 0.11267398297786713, 0.03692052513360977, -0.07686012983322144, -0.13771292567253113, -0.050640769302845, -0.06901642680168152, -0.11629395186901093, 0.17236590385437012, -0.153695747256279, 0.25187981128692627, -0.05411600321531296, -0.21101567149162292, -0.04214699566364288, -0.07457280904054642, 0.2390877902507782, -0.25310754776000977, -0.10996417701244354, -0.029966125264763832, -0.004532977938652039, 0.08408938348293304, 0.05568845197558403, 0.06581509113311768, 0.054709095507860184, -0.12338433414697647, -0.31211963295936584, -0.07939526438713074, -0.07334274053573608, -0.06215176358819008, -0.06272514164447784, -0.00282449834048748, 0.02857072651386261, -0.13310568034648895, -0.020121486857533455, 0.050660133361816406, 0.09802243858575821, -0.02967478148639202, -0.05956264212727547, 0.22317613661289215, -0.0527215301990509, -0.28396227955818176, 0.009063558652997017, 0.1216321662068367, 0.2509928047657013, 0.1588018834590912, 0.026403039693832397, -0.014928434044122696, -0.21864889562129974, 0.13357947766780853, -0.126408651471138, 0.04411589354276657, 0.13355258107185364, 0.041046712547540665, 0.0697813332080841, 0.018040049821138382, -0.11254196614027023, 0.058205146342515945, 0.17505589127540588, -0.11790190637111664, -0.0614609569311142, 0.11727935075759888, -0.0643438994884491, 0.050133589655160904, -0.10343922674655914, 0.25331926345825195, 0.05060246214270592, -0.10599099099636078, -0.22312965989112854, 0.08264283835887909, -0.14065814018249512, -0.14910250902175903, 0.1279795616865158, -0.1527579128742218, -0.1861787736415863, -0.3167985677719116, -0.0742759257555008, 0.34210091829299927, 0.07698369771242142, -0.1397969275712967, 0.032274890691041946, -0.03333345428109169, -0.06388828903436661, 0.13967368006706238, 0.18486075103282928, 0.02186327427625656, -0.003492303192615509, -0.09005483984947205, -0.00910978764295578, 0.28108346462249756, -0.0993589460849762, -0.020637333393096924, 0.20645973086357117, 0.03372994065284729, 0.023309629410505295, -0.009210063144564629, 0.0009882152080535889, -0.10244055837392807, 0.10212603211402893, -0.1461614966392517, -0.015833215788006783, -0.01651359349489212, 0.0007841214537620544, -0.023242264986038208, 0.10048279911279678, -0.20262369513511658, 0.11345113813877106, 0.007839702069759369, 0.004202108830213547, -0.0015833014622330666, -0.017088446766138077, -0.09484528005123138, -0.0653461366891861, 0.15833967924118042, -0.2247338891029358, 0.2185131311416626, 0.15542903542518616, 0.0976918488740921, 0.1350543051958084, 0.10971053689718246, 0.10412682592868805, -0.052706144750118256, -0.020330913364887238, -0.22345271706581116, 0.036720819771289825, 0.13063742220401764, -0.05469083786010742, 0.15790164470672607, 0.004039395600557327)	2021-05-16 14:40:16.644	2021-05-16 14:40:16.644	0.9971102476119995	13	1	\N	1	Scan
\.


--
-- Data for Name: groups; Type: TABLE DATA; Schema: public; Owner: postgres
--

COPY public.groups (id, name, created_at, updated_at, banner_id, avatar_id, irene_bot_id) FROM stdin;
\.


--
-- Data for Name: group_aliases; Type: TABLE DATA; Schema: public; Owner: postgres
--

COPY public.group_aliases (id, name, created_at, updated_at, group_id) FROM stdin;
\.


--
-- Data for Name: group_members; Type: TABLE DATA; Schema: public; Owner: postgres
--

COPY public.group_members (id, "personId", "groupId", "joinDate", "endDate", created_at, updated_at) FROM stdin;
\.


--
-- Data for Name: image_likes; Type: TABLE DATA; Schema: public; Owner: postgres
--

COPY public.image_likes (id, user_id, image_id, created_at, updated_at) FROM stdin;
42	2	3	2021-05-15 22:38:20.499	2021-05-15 22:38:20.499
43	2	2	2021-05-15 22:59:33.296	2021-05-15 22:59:33.296
44	2	5	2021-05-16 11:25:07.101	2021-05-16 11:25:07.101
\.


--
-- Data for Name: roles; Type: TABLE DATA; Schema: public; Owner: postgres
--

COPY public.roles (id, role_name, user_id, created_at, updated_at) FROM stdin;
1	USER	2	2021-05-09 09:02:13.39	2021-05-09 09:02:13.39
2	ADMINISTRATOR	1	2021-05-15 18:16:36.196	2021-05-15 18:16:36.196
3	EDITOR	1	2021-05-15 18:23:10.02	2021-05-15 18:28:24.935
4	ADMINISTRATOR	2	2021-05-15 21:57:35.256	2021-05-15 21:57:35.256
\.


--
-- Data for Name: sessions; Type: TABLE DATA; Schema: public; Owner: postgres
--

COPY public.sessions (id, user_id, expires, session_token, access_token, created_at, updated_at) FROM stdin;
1	2	2021-06-15 07:38:48.412	330b8999786cfd7bd18f0f38d5d65d65cf452550f78ba436c0033f1a7438942e	632290087f82339195319e050b20a4dffa9d47742a5720b6c129bddc766a0e60	2021-05-09 09:02:13.475	2021-05-16 07:38:48.417
\.


--
-- Data for Name: tags; Type: TABLE DATA; Schema: public; Owner: postgres
--

COPY public.tags (id, name, source, image_id, added_by_id, created_at, updated_at) FROM stdin;
1	girl	USER	2	1	2021-05-15 19:07:33.467	2021-05-15 19:07:33.467
2	girl	USER	3	1	2021-05-15 22:28:54.76	2021-05-15 22:28:54.76
3	girl	USER	4	1	2021-05-16 05:39:13.131	2021-05-16 05:39:13.131
4	girl	USER	5	1	2021-05-16 06:10:59.094	2021-05-16 06:10:59.094
5	girl	USER	6	1	2021-05-16 06:12:49.184	2021-05-16 06:12:49.184
\.


--
-- Data for Name: verification_requests; Type: TABLE DATA; Schema: public; Owner: postgres
--

COPY public.verification_requests (id, identifier, token, expires, created_at, updated_at) FROM stdin;
\.


--
-- Name: accounts_id_seq; Type: SEQUENCE SET; Schema: public; Owner: postgres
--

SELECT pg_catalog.setval('public.accounts_id_seq', 1, true);


--
-- Name: aliases_id_seq; Type: SEQUENCE SET; Schema: public; Owner: postgres
--

SELECT pg_catalog.setval('public.aliases_id_seq', 7992, true);


--
-- Name: appearances_id_seq; Type: SEQUENCE SET; Schema: public; Owner: postgres
--

SELECT pg_catalog.setval('public.appearances_id_seq', 13, true);


--
-- Name: faces_id_seq; Type: SEQUENCE SET; Schema: public; Owner: postgres
--

SELECT pg_catalog.setval('public.faces_id_seq', 34, true);


--
-- Name: group_aliases_id_seq; Type: SEQUENCE SET; Schema: public; Owner: postgres
--

SELECT pg_catalog.setval('public.group_aliases_id_seq', 63, true);


--
-- Name: group_members_id_seq; Type: SEQUENCE SET; Schema: public; Owner: postgres
--

SELECT pg_catalog.setval('public.group_members_id_seq', 1, false);


--
-- Name: groups_id_seq; Type: SEQUENCE SET; Schema: public; Owner: postgres
--

SELECT pg_catalog.setval('public.groups_id_seq', 350, true);


--
-- Name: image_likes_id_seq; Type: SEQUENCE SET; Schema: public; Owner: postgres
--

SELECT pg_catalog.setval('public.image_likes_id_seq', 44, true);


--
-- Name: images_id_seq; Type: SEQUENCE SET; Schema: public; Owner: postgres
--

SELECT pg_catalog.setval('public.images_id_seq', 6, true);


--
-- Name: persons_id_seq; Type: SEQUENCE SET; Schema: public; Owner: postgres
--

SELECT pg_catalog.setval('public.persons_id_seq', 715, true);


--
-- Name: roles_id_seq; Type: SEQUENCE SET; Schema: public; Owner: postgres
--

SELECT pg_catalog.setval('public.roles_id_seq', 4, true);


--
-- Name: sessions_id_seq; Type: SEQUENCE SET; Schema: public; Owner: postgres
--

SELECT pg_catalog.setval('public.sessions_id_seq', 1, true);


--
-- Name: tags_id_seq; Type: SEQUENCE SET; Schema: public; Owner: postgres
--

SELECT pg_catalog.setval('public.tags_id_seq', 5, true);


--
-- Name: users_id_seq; Type: SEQUENCE SET; Schema: public; Owner: postgres
--

SELECT pg_catalog.setval('public.users_id_seq', 2, true);


--
-- Name: verification_requests_id_seq; Type: SEQUENCE SET; Schema: public; Owner: postgres
--

SELECT pg_catalog.setval('public.verification_requests_id_seq', 1, false);


--
-- PostgreSQL database dump complete
--

SET session_replication_role = origin;
